dt,Цена на арматуру,CHMF_price,CHMF_volume,MAGN_price,MAGN_volume,NLMK_price,NLMK_volume,Ключевая ставка,Курс $,"Концентрат коксующегося угля_Россия марка ОС FCA руб./т, без НДС","Лом_HMS 1/2 80:20, FOB EC Роттердам, $/т","Лом_3А, РФ CPT ж/д Южный ФО, руб./т, без НДС","Лом_3А, РФ CPT ж/д Сибирский ФО, руб./т, без НДС","Лом_3А, РФ CPT ж/д Центральный ФО, руб./т, без НДС","ЖРС_Китай Iron ore fines Fe 62%, CFR","Чугун_CFR Италия, $/т","Концентрат коксующегося угля_Россия марка КО FCA руб./т, без НДС","ЖРС_Российские окатыши Fe 62-65,5%, SiO2 5,8-8,65, DAP Забайкальск-Манжули, $/т","Лом_HMS 1/2 80:20, FOB США Восток, $/т","Лом_3А, FOB РФ Черное море, $/т","Чугун_FOB Бразилия Север, $/т","Лом_HMS 1/2 80:20, CFR ЮВА, $/т","Концентрат коксующегося угля_Россия марка КС FCA руб./т, без НДС","Лом_3А, РФ FCA ж/д респ. Татарстан, руб./т, без НДС","ЖРС_Российский концентрат Fe 62,5-67,5%, SiO2 0,78-8,51, сухой вес, DAP Забайкальск-Манжули, $/т","Концентрат коксующегося угля_Россия марка К и смеси марок К, КО FCA руб./т, без НДС","Кокс_Россия Урал Сибирь +25, FCA руб./т., без НДС","Лом_3А, РФ FCA ж/д Московский регион, руб./т, без НДС","Концентрат коксующегося угля_Россия марка Ж+ГЖ FCA руб./т, без НДС","Чугун_FOB Россия Черное море, $/т","ЖРС_Россия аглоруда Fe 52-60%, FCA руб./т, без НДС","ЖРС_Россия концентрат Fe 64-68%, FCA руб./т, без НДС","Чугун_Россия, FCA руб./т, без НДС","Концентрат коксующегося угля_HCC Австралия, $/t FOB","ЖРС_Россия окатыши Fe 62-65,5% FCA руб./т, без НДС","ГБЖ_CFR Италия, $/т","Лом_3А, РФ CPT ж/д Уральский ФО, руб./т, без НДС","Концентрат коксующегося угля_Россия марка Ж FCA руб./т, без НДС","Лом_HMS 1/2 80:20, CFR Турция, $/т","Концентрат коксующегося угля_Средняя шихта Россия FCA руб./т, без НДС","Концентрат коксующегося угля_Россия марка ГЖ FCA руб./т, без НДС","Чугун_CFR NOLA США, $/т","Чугун_CFR Турция, $/т","ЖРС_Средневзвешенная цена окатыши Fe 62-65,5%, Россия FCA руб./т, без НДС","ЖРС_Средневзвешенная цена концентрат Fe 64-68%, Россия FCA руб./т, без НДС","ЖРС_Средневзвешенная цена аглоруда Fe 52-60%, Россия FCA руб./т, без НДС","ЖРС_Средневзвешенная цена за 1 % Fe в аглоруде, Россия FCA руб./т, без НДС","ЖРС_Средневзвешенная цена за 1 % Fe в концентрате, Россия FCA руб./т, без НДС","ЖРС_Средневзвешенная цена за 1 % Fe в окатыши, Россия FCA руб./т, без НДС","ЖРС_Украинский концентрат Fe 65-68%,  DAP граница Украины с Европой,  $/т","ЖРС_Украинские окатыши Fe 65-66%, DAP граница Украины с Европой,  $/т",Цена на бензин,Цена на дт,Год,Месяц,Неделя_года,День_недели,День_месяца,Квартал,Цена_lag1,Цена_lag2,Цена_lag4,Скользящее_среднее_4,Скользящее_среднее_8,Разница_скользящее_4,Разница_скользящее_8,Прирост_цены,Сезон_синус,Сезон_косинус
2019-05-06,39300,1032.6,464390.0,4570.0,3590000.0,170.36,2050000.0,7.75,64.6917,10300.0,275.0,16724.0,16760.0,16530.0,94.0,355.0,7700.0,99.0,286.0,267.0,330.0,315.0,7175.0,16132.0,85.0,11150.0,13700.0,15287.0,9750.0,337.0,3900.0,4975.0,21950.0,203.0,7890.0,292.5,17360.0,11025.0,303.0,9190.0,6462.5,356.0,347.5,7727.0,5151.0,3994.0,64.0,79.0,123.0,100.0,146.5,44.14,46.38,2019,5,19,0,6,2,39300.0,39300.0,39500.0,39350.0,39437.5,-50.0,-137.5,0.0,0.7485107481711013,-0.663122658240795
2019-05-13,40300,988.0,782780.0,4335.0,5350000.0,159.5,3130000.0,7.75,65.2166,10300.0,265.0,16045.0,16530.0,16116.0,95.0,356.0,7700.0,102.0,275.0,260.0,330.0,310.0,7175.0,15699.0,85.0,11150.0,13700.0,14933.0,9750.0,337.0,3900.0,4975.0,21950.0,207.0,7890.0,287.5,16972.0,11025.0,290.0,9190.0,6462.5,356.0,345.0,7727.0,5151.0,3994.0,64.0,79.0,123.0,100.0,146.5,44.14,46.38,2019,5,20,0,13,2,39300.0,39300.0,39500.0,39550.0,39487.5,750.0,812.5,0.025445292620865,0.6631226582407952,-0.7485107481711012
2019-05-20,40000,978.6,718240.0,4414.0,7020000.0,157.78,1950000.0,7.75,64.5598,10300.0,269.0,15682.0,16563.0,16074.0,96.0,358.5,7700.0,108.0,279.0,258.0,330.0,305.0,7175.0,15236.0,86.0,11150.0,13700.0,14867.0,9750.0,335.0,3900.0,4975.0,21950.0,208.0,7890.0,290.0,16812.0,11025.0,294.0,9190.0,6462.5,356.0,352.5,7727.0,5151.0,3994.0,64.0,79.0,123.0,100.0,146.5,44.14,46.38,2019,5,21,0,20,2,40300.0,39300.0,39300.0,39725.0,39562.5,275.0,437.5,-0.0074441687344912,0.5680647467311558,-0.8229838658936564
2019-05-27,40200,1002.2,163490.0,4422.0,3520000.0,164.86,1190000.0,7.75,64.4913,10300.0,285.0,15669.0,16108.0,16044.0,103.0,359.5,7700.0,108.0,292.0,275.0,330.0,305.0,7175.0,14890.0,95.0,11150.0,13700.0,14811.0,9750.0,337.0,3900.0,4975.0,21950.0,205.0,7890.0,297.5,16438.0,11025.0,310.0,9190.0,6462.5,355.0,355.0,7829.0,5175.0,3119.0,53.0,80.0,123.0,106.0,145.5,44.14,46.38,2019,5,22,0,27,2,40000.0,40300.0,39300.0,39950.0,39675.0,250.0,525.0,0.0049999999999998,0.464723172043769,-0.8854560256532096
2019-06-03,40200,1040.0,697690.0,4484.0,5240000.0,173.0,2750000.0,7.75,65.0583,10300.0,280.0,15554.0,15793.0,15921.0,103.0,360.0,7700.0,109.0,290.0,272.0,330.0,310.0,7175.0,14391.0,95.0,11150.0,13700.0,14686.0,9750.0,335.0,3900.0,4975.0,21950.0,202.0,7890.0,292.5,16118.0,11025.0,303.0,9190.0,6462.5,353.5,350.0,7829.0,5175.0,3119.0,53.0,80.0,123.0,106.0,145.5,44.02,45.93,2019,6,23,0,3,2,40200.0,40000.0,39300.0,40175.0,39762.5,25.0,437.5,0.0,0.3546048870425358,-0.9350162426854148
2019-06-10,40300,1060.0,484930.0,4544.0,8780000.0,173.22,1510000.0,7.75,65.234,10350.0,282.0,15391.0,15500.0,15636.0,99.0,355.0,7700.0,110.0,290.0,273.0,330.0,311.0,7225.0,14449.0,92.5,11225.0,13700.0,14176.0,9750.0,333.0,3690.0,5225.0,21950.0,200.0,7425.0,287.5,16094.0,11075.0,298.0,9180.0,6037.5,347.5,345.0,7829.0,5175.0,3119.0,53.0,80.0,123.0,106.0,145.5,44.02,45.93,2019,6,24,0,10,2,40200.0,40200.0,40300.0,40175.0,39862.5,125.0,437.5,0.0024875621890547,0.2393156642875576,-0.970941817426052
2019-06-17,41500,1059.6,1400000.0,4581.0,12060000.0,182.0,5770000.0,7.5,64.6314,10350.0,270.0,15565.0,15530.0,15632.0,107.0,351.0,7700.0,117.0,275.0,259.0,320.0,305.0,7225.0,14449.0,99.5,11225.0,13700.0,14097.0,9750.0,327.0,3690.0,5225.0,21950.0,197.0,7425.0,277.5,16051.0,11075.0,290.0,9180.0,6037.5,345.0,337.5,7829.0,5175.0,3119.0,53.0,80.0,123.0,106.0,145.5,44.02,45.93,2019,6,25,0,17,2,40300.0,40200.0,40000.0,40550.0,40137.5,950.0,1362.5,0.0297766749379653,0.120536680255323,-0.992708874098054
2019-06-24,40500,1083.0,467010.0,4537.0,6020000.0,168.0,4570000.0,7.5,63.3877,10350.0,256.0,15525.0,15578.0,15636.0,114.0,347.5,7700.0,123.0,265.0,250.0,315.0,305.0,7225.0,14821.0,106.5,11225.0,13700.0,14371.0,9750.0,327.0,3690.0,5225.0,21950.0,195.0,7425.0,267.5,16142.0,11075.0,279.0,9180.0,6037.5,345.0,337.5,7829.0,5175.0,3119.0,53.0,80.0,123.0,106.0,145.5,44.02,45.93,2019,6,26,0,24,2,41500.0,40300.0,40200.0,40625.0,40287.5,-125.0,212.5,-0.0240963855421686,-3.216245299353273e-16,-1.0
2019-07-01,40500,1070.8,641650.0,4510.0,4220000.0,159.0,6040000.0,7.5,63.0452,10350.0,260.0,15670.0,15608.0,16431.0,116.0,348.5,7700.0,125.0,268.0,257.0,315.0,300.0,7225.0,14991.0,108.5,11225.0,13700.0,15299.0,9750.0,332.0,3690.0,5225.0,21950.0,193.0,7425.0,270.0,16404.0,11075.0,285.0,9180.0,6037.5,354.0,340.0,7685.0,5345.0,2874.0,50.0,89.0,122.0,111.0,159.5,44.02,45.93,2019,7,27,0,1,3,40500.0,41500.0,40200.0,40700.0,40437.5,-200.0,62.5,0.0,-0.1205366802553228,-0.992708874098054
2019-07-08,40300,1066.0,607710.0,4476.0,7530000.0,158.52,5420000.0,7.5,63.4013,8825.0,274.0,16603.0,15678.0,16626.0,122.0,353.5,6200.0,130.0,278.0,268.0,315.0,305.0,6525.0,15294.0,116.0,9925.0,12525.0,15474.0,8950.0,335.0,3050.0,5275.0,21850.0,189.0,7410.0,270.0,17049.0,9550.0,298.0,8154.0,5575.0,354.0,345.0,7685.0,5345.0,2874.0,50.0,89.0,122.0,111.0,159.5,44.02,45.93,2019,7,28,0,8,3,40500.0,40500.0,40300.0,40700.0,40437.5,-400.0,-137.5,-0.0049382716049383,-0.2393156642875574,-0.970941817426052
2019-07-15,39800,1043.6,423670.0,4417.0,5490000.0,154.1,5920000.0,7.5,62.9944,8825.0,270.0,17730.0,15866.0,17132.0,120.0,357.5,6200.0,127.5,275.0,265.0,315.0,305.0,6525.0,15883.0,114.5,9925.0,12525.0,15935.0,8950.0,345.0,3050.0,5275.0,21850.0,185.0,7410.0,265.0,17411.0,9550.0,295.0,8154.0,5575.0,360.0,345.0,7685.0,5345.0,2874.0,50.0,89.0,122.0,111.0,159.5,44.02,45.93,2019,7,29,0,15,3,40300.0,40500.0,41500.0,40275.0,40412.5,-475.0,-612.5,-0.0124069478908188,-0.3546048870425356,-0.9350162426854148
2019-07-22,39800,1056.0,352920.0,4476.0,3590000.0,155.7,2980000.0,7.5,62.8286,8825.0,269.0,17843.0,15882.0,17509.0,121.0,359.0,6200.0,128.5,273.0,265.0,320.0,305.0,6525.0,16238.0,115.5,9925.0,12525.0,16282.0,8950.0,345.0,3050.0,5275.0,21850.0,180.0,7410.0,265.0,17571.0,9550.0,294.0,8154.0,5575.0,362.5,350.0,7685.0,5345.0,2874.0,50.0,89.0,122.0,111.0,159.5,44.02,45.93,2019,7,30,0,22,3,39800.0,40300.0,40500.0,40100.0,40362.5,-300.0,-562.5,0.0,-0.464723172043768,-0.8854560256532101
2019-07-29,40200,1029.0,264590.0,4335.0,6820000.0,151.48,5670000.0,7.25,63.1572,8825.0,269.0,18359.0,15926.0,17591.0,117.0,357.5,6200.0,124.5,273.0,265.0,320.0,305.0,6525.0,16254.0,111.5,9925.0,12525.0,16320.0,8950.0,345.0,3050.0,5275.0,21850.0,174.0,7410.0,265.0,17543.0,9550.0,294.0,8154.0,5575.0,362.5,350.0,7375.0,5432.0,3009.0,49.0,84.0,117.0,113.5,164.5,44.02,45.93,2019,7,31,0,29,3,39800.0,39800.0,40500.0,40025.0,40362.5,175.0,-162.5,0.0100502512562814,-0.5680647467311556,-0.8229838658936566
2019-08-05,40300,992.0,1290000.0,4005.0,16810000.0,145.54,4410000.0,7.25,63.834,8250.0,270.0,18523.0,15712.0,17521.0,116.0,359.0,6200.0,124.0,273.0,265.0,345.0,305.0,6250.0,16227.0,110.5,9300.0,12150.0,16334.0,8950.0,345.0,3475.0,5675.0,21850.0,165.0,8170.0,265.0,17583.0,9225.0,292.0,7913.0,5575.0,364.5,355.0,7375.0,5432.0,3009.0,49.0,84.0,117.0,113.5,164.5,44.47,45.57,2019,8,32,0,5,3,40200.0,39800.0,40300.0,40025.0,40362.5,275.0,-62.5,0.0024875621890547,-0.663122658240795,-0.7485107481711013
2019-08-12,39200,969.6,695700.0,4009.0,4760000.0,143.5,3620000.0,7.25,65.1299,8250.0,268.0,18634.0,15744.0,17370.0,96.0,357.5,6200.0,106.0,269.0,265.0,340.0,304.0,6250.0,16074.0,90.5,9300.0,12150.0,16266.0,8950.0,342.0,3475.0,5675.0,21850.0,159.0,8170.0,265.0,17545.0,9225.0,289.0,7913.0,5575.0,360.0,355.0,7375.0,5432.0,3009.0,49.0,84.0,117.0,113.5,164.5,44.47,45.57,2019,8,33,0,12,3,40300.0,40200.0,39800.0,39875.0,40075.0,-675.0,-875.0,-0.0272952853598015,-0.7485107481711011,-0.6631226582407952
2019-08-19,38700,946.0,1250000.0,3831.0,7460000.0,139.9,4270000.0,7.25,65.8907,8250.0,260.0,18262.0,15766.0,17177.0,89.0,357.5,6200.0,100.0,269.0,260.0,340.0,304.0,6250.0,15747.0,83.5,9300.0,12150.0,16078.0,8950.0,342.0,3475.0,5675.0,21850.0,156.0,8170.0,265.0,17508.0,9225.0,284.0,7913.0,5575.0,363.5,352.5,7375.0,5432.0,3009.0,49.0,84.0,117.0,113.5,164.5,44.47,45.57,2019,8,34,0,19,3,39200.0,40300.0,39800.0,39600.0,39850.0,-900.0,-1150.0,-0.0127551020408163,-0.8229838658936564,-0.5680647467311559
2019-08-26,38200,947.0,400370.0,3895.0,6370000.0,142.14,1980000.0,7.25,65.6196,8250.0,250.0,17569.0,15722.0,16854.0,87.0,357.5,6200.0,98.0,260.0,255.0,335.0,304.0,6250.0,15613.0,81.5,9300.0,12150.0,15756.0,8950.0,340.0,3475.0,5675.0,21850.0,153.0,8170.0,262.5,17437.0,9225.0,279.0,7913.0,5575.0,357.5,347.5,8067.0,5957.0,3427.0,53.0,88.0,128.0,76.0,134.5,44.47,45.57,2019,8,35,0,26,3,38700.0,39200.0,40200.0,39100.0,39562.5,-900.0,-1362.5,-0.0129198966408268,-0.8854560256532096,-0.4647231720437691
2019-09-02,37700,1003.0,870520.0,4119.0,6690000.0,147.7,3800000.0,7.25,66.7471,8250.0,242.0,17403.0,15773.0,16883.0,84.0,355.0,6200.0,95.0,246.0,245.0,330.0,295.0,6250.0,15599.0,78.5,9300.0,12150.0,15686.0,8950.0,335.0,3475.0,5675.0,21850.0,154.0,8170.0,260.0,17344.0,9225.0,270.0,7913.0,5575.0,355.0,345.0,8067.0,5957.0,3427.0,53.0,88.0,128.0,76.0,134.5,44.47,45.57,2019,9,36,0,2,3,38200.0,38700.0,40300.0,38450.0,39237.5,-750.0,-1537.5,-0.013089005235602,-0.9350162426854148,-0.3546048870425359
2019-09-09,36900,998.2,681740.0,4108.0,8320000.0,149.0,5540000.0,7.0,66.0528,7650.0,225.0,16385.0,15924.0,16311.0,90.0,332.5,6200.0,97.0,228.0,226.0,315.0,292.0,5825.0,14776.0,84.5,8625.0,12150.0,14959.0,8950.0,325.0,3725.0,5300.0,21850.0,154.0,7050.0,247.5,16472.0,8725.0,253.0,7615.0,5575.0,340.0,330.0,8067.0,5957.0,3427.0,53.0,88.0,128.0,76.0,134.5,44.47,45.57,2019,9,37,0,9,3,37700.0,38200.0,39200.0,37875.0,38875.0,-975.0,-1975.0,-0.0212201591511936,-0.970941817426052,-0.2393156642875577
2019-09-16,36200,1000.0,1380000.0,4156.0,7860000.0,148.9,4960000.0,7.0,65.1909,7650.0,213.0,16427.0,15953.0,15958.0,95.0,332.5,6200.0,97.0,215.0,212.0,310.0,277.0,5825.0,14739.0,88.5,8625.0,12150.0,14702.0,8950.0,320.0,3725.0,5300.0,21850.0,150.0,7050.0,242.5,16391.0,8725.0,240.0,7615.0,5575.0,340.0,327.5,8067.0,5957.0,3427.0,53.0,88.0,128.0,76.0,134.5,44.47,45.57,2019,9,38,0,16,3,36900.0,37700.0,38700.0,37250.0,38425.0,-1050.0,-2225.0,-0.018970189701897,-0.992708874098054,-0.1205366802553235
2019-09-23,35000,954.6,818040.0,4040.0,5960000.0,142.4,6230000.0,7.0,64.2199,7650.0,205.0,15921.0,15702.0,15813.0,95.0,324.0,6200.0,100.5,208.0,200.0,305.0,260.0,5825.0,14498.0,88.5,8625.0,12150.0,14403.0,8950.0,315.0,3725.0,5300.0,21850.0,143.0,7050.0,240.0,16172.0,8725.0,233.0,7615.0,5575.0,322.5,325.0,8067.0,5957.0,3427.0,53.0,88.0,128.0,76.0,134.5,44.47,45.57,2019,9,39,0,23,3,36200.0,36900.0,38200.0,36450.0,37775.0,-1450.0,-2775.0,-0.0331491712707182,-1.0,-1.8369701987210287e-16
2019-09-30,34200,933.2,968680.0,3916.0,6630000.0,142.22,3700000.0,7.0,64.2888,7650.0,199.0,15688.0,15270.0,15198.0,91.0,312.5,6200.0,102.0,200.0,192.0,285.0,258.0,5825.0,14144.0,85.0,8625.0,12150.0,13765.0,8950.0,300.0,3725.0,5300.0,21850.0,138.0,7050.0,232.5,16068.0,8725.0,225.0,7615.0,5575.0,305.0,310.0,7063.0,5274.0,3549.0,50.0,81.0,112.0,76.0,112.5,44.57,45.68,2019,9,40,0,30,3,35000.0,36200.0,37700.0,35575.0,37012.5,-1375.0,-2812.5,-0.0228571428571429,-0.992708874098054,0.1205366802553232
2019-10-07,33500,880.0,1590000.0,3700.0,7610000.0,131.42,8410000.0,7.0,65.1312,6525.0,199.0,14825.0,14832.0,14905.0,94.0,302.5,5125.0,105.0,201.0,194.0,280.0,245.0,5300.0,13578.0,88.0,7850.0,11525.0,13447.0,7600.0,300.0,2475.0,4125.0,20750.0,146.0,5275.0,232.5,15566.0,7100.0,227.0,6605.0,5075.0,302.5,310.0,7063.0,5274.0,3549.0,50.0,81.0,112.0,76.0,112.5,44.57,45.68,2019,10,41,0,7,4,34200.0,35000.0,36900.0,34725.0,36300.0,-1225.0,-2800.0,-0.0204678362573099,-0.970941817426052,0.2393156642875573
2019-10-14,33300,881.0,693820.0,3662.0,12410000.0,129.06,5110000.0,7.0,64.7416,6525.0,207.0,14292.0,14919.0,14432.0,93.0,300.0,5125.0,104.0,208.0,204.0,275.0,242.0,5300.0,13267.0,87.0,7850.0,11525.0,13274.0,7600.0,280.0,2475.0,4125.0,20750.0,148.0,5275.0,232.5,15105.0,7100.0,233.0,6605.0,5075.0,290.0,300.0,7063.0,5274.0,3549.0,50.0,81.0,112.0,76.0,112.5,44.57,45.68,2019,10,42,0,14,4,33500.0,34200.0,36200.0,34000.0,35625.0,-700.0,-2325.0,-0.0059701492537312,-0.9350162426854148,0.3546048870425355
2019-10-21,33500,871.0,1290000.0,3599.0,7980000.0,126.6,6410000.0,7.0,64.0144,6525.0,216.0,14245.0,14844.0,14326.0,88.0,302.5,5125.0,99.0,218.0,210.0,280.0,242.0,5300.0,13033.0,82.0,7850.0,11525.0,13166.0,7600.0,280.0,2475.0,4125.0,20750.0,152.0,5275.0,242.5,14668.0,7100.0,241.0,6605.0,5075.0,297.5,302.5,7063.0,5274.0,3549.0,50.0,81.0,112.0,76.0,112.5,44.57,45.68,2019,10,43,0,21,4,33300.0,33500.0,35000.0,33625.0,35037.5,-125.0,-1537.5,0.006006006006006,-0.8854560256532101,0.464723172043768
2019-10-28,33300,886.0,1380000.0,3617.0,10650000.0,124.46,5690000.0,6.5,63.86,6525.0,225.0,14262.0,14479.0,14252.0,87.0,306.0,5125.0,99.0,230.0,220.0,285.0,248.0,5300.0,12908.0,82.0,7850.0,11525.0,13172.0,7600.0,285.0,2475.0,4125.0,20750.0,150.0,5275.0,252.5,14573.0,7100.0,250.0,6605.0,5075.0,309.5,305.0,5173.0,4040.0,2716.0,46.0,57.0,82.0,76.0,107.5,44.57,45.68,2019,10,44,0,28,4,33500.0,33300.0,34200.0,33400.0,34487.5,-100.0,-1187.5,-0.0059701492537312,-0.822983865893657,0.5680647467311548
2019-11-04,33800,893.2,631550.0,3707.0,7830000.0,126.14,5160000.0,6.5,63.7748,6525.0,230.0,14426.0,12937.0,14110.0,85.0,309.5,5125.0,99.0,232.0,225.0,285.0,258.0,5300.0,12181.0,79.0,7850.0,11525.0,12878.0,7600.0,290.0,2475.0,4125.0,20750.0,144.0,5275.0,255.0,13581.0,7100.0,255.0,6605.0,5075.0,312.5,309.5,5173.0,4040.0,2716.0,46.0,57.0,82.0,76.0,107.5,44.43,45.5,2019,11,45,0,4,4,33300.0,33500.0,33500.0,33475.0,34100.0,325.0,-300.0,0.015015015015015,-0.7485107481711011,0.6631226582407952
2019-11-11,33500,895.0,1910000.0,3810.0,10570000.0,128.94,5460000.0,6.5,63.7298,6750.0,238.0,14709.0,13058.0,13839.0,82.0,316.5,5125.0,98.0,240.0,231.0,290.0,265.0,5275.0,12469.0,78.0,7850.0,11525.0,12702.0,7600.0,298.0,2460.0,3925.0,20750.0,134.0,5200.0,260.0,13494.0,7100.0,260.0,6605.0,5075.0,315.0,312.0,5173.0,4040.0,2716.0,46.0,57.0,82.0,76.0,107.5,44.43,45.5,2019,11,46,0,11,4,33800.0,33300.0,33300.0,33525.0,33762.5,-25.0,-262.5,-0.0088757396449704,-0.6631226582407955,0.7485107481711007
2019-11-18,32300,884.0,1270000.0,3794.0,10550000.0,126.72,4680000.0,6.5,64.2101,6750.0,240.0,14477.0,12845.0,13893.0,82.0,315.0,5125.0,101.0,242.0,233.0,290.0,270.0,5275.0,12563.0,78.0,7850.0,11525.0,12713.0,7600.0,302.0,2460.0,3925.0,20750.0,135.0,5200.0,260.0,13513.0,7100.0,261.0,6605.0,5075.0,319.0,312.0,5173.0,4040.0,2716.0,46.0,57.0,82.0,76.0,107.5,44.43,45.5,2019,11,47,0,18,4,33500.0,33800.0,33500.0,33225.0,33425.0,-925.0,-1125.0,-0.035820895522388,-0.5680647467311559,0.8229838658936564
2019-11-25,32200,917.0,1660000.0,3888.0,8990000.0,130.9,5450000.0,6.5,63.843,6750.0,239.0,14627.0,12149.0,14167.0,86.0,322.5,5125.0,103.5,246.0,235.0,300.0,275.0,5275.0,12840.0,82.0,7850.0,11525.0,13100.0,7600.0,305.0,2460.0,3925.0,20750.0,133.0,5200.0,265.0,13559.0,7100.0,262.0,6605.0,5075.0,322.5,320.0,5173.0,4040.0,2716.0,46.0,57.0,82.0,76.0,107.5,44.43,45.5,2019,11,48,0,25,4,32300.0,33500.0,33300.0,32950.0,33175.0,-750.0,-975.0,-0.0030959752321981,-0.4647231720437684,0.88545602565321
2019-12-02,31800,885.0,2000000.0,3944.0,9160000.0,131.52,12200000.0,6.5,64.1005,6750.0,245.0,15019.0,12756.0,14373.0,88.0,327.5,5125.0,103.5,245.0,239.0,305.0,275.0,5275.0,13215.0,84.0,7850.0,11525.0,13370.0,7600.0,306.0,2460.0,3925.0,20750.0,135.0,5200.0,270.0,14161.0,7100.0,266.0,6605.0,5075.0,326.0,325.0,5075.0,3998.0,2561.0,44.0,60.0,80.0,76.0,106.0,44.43,45.5,2019,12,49,0,2,4,32200.0,32300.0,33800.0,32450.0,32962.5,-650.0,-1162.5,-0.0124223602484472,-0.3546048870425359,0.9350162426854148
2019-12-09,31100,891.6,775750.0,3925.0,7680000.0,132.84,4110000.0,6.5,63.8135,6750.0,260.0,15266.0,13388.0,14614.0,89.0,335.0,5125.0,103.5,257.0,255.0,310.0,282.0,5275.0,13679.0,84.0,7850.0,11525.0,13563.0,7600.0,308.0,2375.0,3600.0,20750.0,138.0,4600.0,280.0,14638.0,7100.0,285.0,6605.0,5075.0,328.0,333.5,5075.0,3998.0,2561.0,44.0,60.0,80.0,76.0,106.0,44.43,45.5,2019,12,50,0,9,4,31800.0,32200.0,33500.0,31850.0,32687.5,-750.0,-1587.5,-0.0220125786163521,-0.2393156642875578,0.970941817426052
2019-12-16,30600,923.0,1020000.0,4151.0,12790000.0,139.16,7700000.0,6.25,63.2257,6750.0,272.0,15468.0,13225.0,15274.0,94.0,339.5,5125.0,107.5,275.0,268.0,310.0,295.0,5275.0,13801.0,89.0,7850.0,11525.0,13941.0,7600.0,315.0,2375.0,3600.0,20750.0,136.0,4600.0,285.0,14791.0,7100.0,297.0,6605.0,5075.0,332.5,335.0,5075.0,3998.0,2561.0,44.0,60.0,80.0,76.0,106.0,44.43,45.5,2019,12,51,0,16,4,31100.0,31800.0,32300.0,31425.0,32325.0,-825.0,-1725.0,-0.0160771704180063,-0.1205366802553236,0.992708874098054
2019-12-23,31400,930.0,581720.0,4112.0,8500000.0,142.54,3810000.0,6.25,62.5283,6750.0,275.0,15532.0,13391.0,15385.0,93.0,342.5,5125.0,107.5,276.0,271.0,310.0,297.0,5275.0,14168.0,88.0,7850.0,11525.0,14059.0,7600.0,320.0,2375.0,3600.0,20750.0,136.0,4600.0,285.0,14749.0,7100.0,299.0,6605.0,5075.0,335.0,335.0,5075.0,3998.0,2561.0,44.0,60.0,80.0,76.0,106.0,44.43,45.5,2019,12,52,0,23,4,30600.0,31100.0,32200.0,31225.0,32087.5,175.0,-687.5,0.0261437908496731,6.432490598706546e-16,1.0
2019-12-30,32900,937.6,477440.0,4195.0,8120000.0,143.72,3600000.0,6.25,61.7676,6750.0,277.0,15842.0,13431.0,15907.0,91.0,342.5,5125.0,107.5,276.0,272.0,320.0,297.0,5275.0,14352.0,86.0,7850.0,11525.0,14606.0,7600.0,320.0,2375.0,3600.0,20750.0,136.0,4600.0,285.0,15224.0,7100.0,301.0,6605.0,5075.0,337.5,335.0,4642.0,3477.0,2462.0,43.0,52.0,73.0,83.0,112.0,44.43,45.5,2019,12,1,0,30,4,31400.0,30600.0,31800.0,31500.0,31975.0,1400.0,925.0,0.0477707006369427,0.120536680255323,0.992708874098054
2020-01-06,32900,929.0,737790.0,4230.0,6510000.0,141.94,6600000.0,6.25,61.7676,6750.0,276.0,15907.0,13453.0,16047.0,92.0,342.5,5125.0,108.5,276.0,272.0,320.0,299.0,5275.0,14417.0,87.0,7850.0,11525.0,14626.0,7600.0,320.0,2750.0,3950.0,19050.0,140.0,4850.0,285.0,15438.0,7100.0,301.0,6605.0,5075.0,340.0,335.0,4642.0,3477.0,2462.0,43.0,52.0,73.0,83.0,112.0,44.43,45.5,2020,1,2,0,6,1,32900.0,31400.0,31100.0,31950.0,31900.0,950.0,1000.0,0.0,0.2393156642875577,0.970941817426052
2020-01-13,33400,960.2,1330000.0,4461.0,30400000.0,146.84,7150000.0,6.25,61.234,6125.0,275.0,16361.0,14164.0,16626.0,94.0,338.0,4400.0,109.5,275.0,270.0,320.0,299.0,4875.0,14506.0,89.0,6450.0,10650.0,15066.0,6975.0,320.0,2750.0,3950.0,19050.0,147.0,4850.0,282.5,15620.0,6400.0,299.0,5920.0,4650.0,340.0,332.5,4642.0,3477.0,2462.0,43.0,52.0,73.0,83.0,112.0,44.43,45.5,2020,1,3,0,13,1,32900.0,32900.0,30600.0,32650.0,32037.5,750.0,1362.5,0.0151975683890577,0.3546048870425356,0.9350162426854148
2020-01-20,32500,990.6,1250000.0,4753.0,21900000.0,148.78,7710000.0,6.25,61.5694,6125.0,270.0,16475.0,14035.0,16876.0,95.0,338.0,4400.0,113.0,271.0,265.0,325.0,299.0,4875.0,14711.0,90.0,6450.0,10650.0,15470.0,6975.0,328.0,2750.0,3950.0,19050.0,152.0,4850.0,287.5,15893.0,6400.0,295.0,5920.0,4650.0,349.0,330.0,4642.0,3477.0,2462.0,43.0,52.0,73.0,83.0,112.0,44.43,45.5,2020,1,4,0,20,1,33400.0,32900.0,31400.0,32925.0,32075.0,-425.0,425.0,-0.0269461077844311,0.4647231720437685,0.8854560256532099
2020-01-27,32890,930.0,1300000.0,4430.0,16070000.0,143.16,5490000.0,6.25,61.9515,6125.0,257.0,16693.0,13893.0,16845.0,94.0,337.5,4400.0,116.0,260.0,250.0,325.0,289.0,4875.0,14916.0,89.0,6450.0,10650.0,15556.0,6975.0,322.0,2750.0,3950.0,19050.0,152.0,4850.0,282.5,16421.0,6400.0,280.0,5920.0,4650.0,346.5,327.5,4875.0,3766.0,2584.0,46.0,57.0,77.0,87.0,109.5,44.43,45.5,2020,1,5,0,27,1,32500.0,33400.0,32900.0,32922.5,32211.25,-32.5,678.75,0.012,0.5680647467311558,0.8229838658936564
2020-02-03,33400,904.2,1990000.0,4515.0,21120000.0,135.98,8150000.0,6.25,63.0359,6125.0,248.0,17038.0,13993.0,16833.0,84.0,322.5,4400.0,113.0,252.0,240.0,320.0,285.0,4875.0,15438.0,80.0,6450.0,10650.0,15530.0,6975.0,322.0,2750.0,3950.0,19050.0,152.0,4850.0,270.0,17040.0,6400.0,270.0,5920.0,4650.0,343.0,320.0,4875.0,3766.0,2584.0,46.0,57.0,77.0,87.0,109.5,44.51,46.49,2020,2,6,0,3,1,32890.0,32500.0,32900.0,33047.5,32498.75,352.5,901.25,0.0155062328975372,0.6631226582407952,0.7485107481711011
2020-02-10,32800,922.0,850350.0,4439.0,16750000.0,137.58,7660000.0,6.0,62.7977,6025.0,240.0,17340.0,14620.0,16684.0,82.0,320.0,4300.0,115.0,240.0,228.0,315.0,270.0,4550.0,15862.0,78.0,6175.0,11200.0,15392.0,6875.0,310.0,2750.0,3900.0,19050.0,150.0,5135.0,258.0,17561.0,6075.0,260.0,5720.0,4525.0,331.5,315.0,4875.0,3766.0,2584.0,46.0,57.0,77.0,87.0,109.5,44.51,46.49,2020,2,7,0,10,1,33400.0,32890.0,33400.0,32897.5,32773.75,-97.5,26.25,-0.0179640718562874,0.7485107481711011,0.6631226582407953
2020-02-17,32000,924.6,514460.0,4542.0,7280000.0,140.42,2040000.0,6.0,63.6016,6025.0,251.0,17062.0,14780.0,16908.0,86.0,320.0,4300.0,115.0,252.0,240.0,315.0,260.0,4550.0,16058.0,82.0,6175.0,11200.0,15454.0,6875.0,310.0,2750.0,3900.0,19050.0,154.0,5135.0,260.0,17637.0,6075.0,272.0,5720.0,4525.0,338.0,320.0,4875.0,3766.0,2584.0,46.0,57.0,77.0,87.0,109.5,44.51,46.49,2020,2,8,0,17,1,32800.0,33400.0,32500.0,32772.5,32848.75,-772.5,-848.75,-0.024390243902439,0.8229838658936564,0.5680647467311559
2020-02-24,31500,908.0,1180000.0,4490.0,6170000.0,139.82,5850000.0,6.0,63.7413,6025.0,258.0,16714.0,14756.0,15983.0,90.0,337.5,4300.0,115.0,260.0,247.0,320.0,275.0,4550.0,15539.0,86.0,6175.0,11200.0,14937.0,6875.0,330.0,2750.0,3900.0,19050.0,158.0,5135.0,265.0,17536.0,6075.0,280.0,5720.0,4525.0,346.0,335.0,4875.0,3766.0,2584.0,46.0,57.0,77.0,87.0,109.5,44.51,46.49,2020,2,9,0,24,1,32000.0,32800.0,32890.0,32425.0,32673.75,-925.0,-1173.75,-0.015625,0.8854560256532099,0.4647231720437686
2020-03-02,32500,810.6,2450000.0,3904.0,29640000.0,122.18,16700000.0,6.0,65.6097,6025.0,255.0,17056.0,14590.0,15608.0,88.0,341.0,4300.0,117.0,260.0,245.0,320.0,275.0,4550.0,15349.0,84.0,6175.0,11200.0,15025.0,6875.0,330.0,2750.0,3900.0,19050.0,161.0,5135.0,265.0,17115.0,6075.0,278.0,5720.0,4525.0,348.5,337.5,5022.0,3796.0,2741.0,46.0,58.0,79.0,87.0,103.5,44.51,46.49,2020,3,10,0,2,1,31500.0,32000.0,33400.0,32200.0,32623.75,300.0,-123.75,0.0317460317460318,0.9350162426854148,0.3546048870425355
2020-03-09,33500,808.6,2150000.0,3841.0,17660000.0,119.56,12190000.0,6.0,66.1854,6025.0,249.0,15306.0,14154.0,14832.0,90.0,340.0,4700.0,117.0,254.0,243.0,323.0,270.0,4300.0,15082.0,86.0,6350.0,11825.0,14061.0,6575.0,341.0,2650.0,3700.0,19300.0,162.0,4880.0,265.0,16936.0,5625.0,273.0,5580.0,4275.0,354.0,342.5,5022.0,3796.0,2741.0,46.0,58.0,79.0,87.0,103.5,44.51,46.49,2020,3,11,0,9,1,32500.0,31500.0,32800.0,32375.0,32636.25,1125.0,863.75,0.0307692307692306,0.970941817426052,0.239315664287558
2020-03-16,34000,818.8,2190000.0,3540.0,38200000.0,108.76,12710000.0,6.0,74.0274,6025.0,245.0,15441.0,14186.0,15153.0,90.0,338.5,4700.0,117.0,250.0,240.0,323.0,265.0,4300.0,14217.0,86.0,6350.0,11825.0,13672.0,6575.0,335.0,2650.0,3700.0,19300.0,160.0,4880.0,260.0,16367.0,5625.0,270.0,5580.0,4275.0,350.5,337.5,5022.0,3796.0,2741.0,46.0,58.0,79.0,87.0,103.5,44.51,46.49,2020,3,12,0,16,1,33500.0,32500.0,32000.0,32875.0,32823.75,1125.0,1176.25,0.0149253731343284,0.992708874098054,0.120536680255323
2020-03-23,35000,793.6,1430000.0,3318.0,14910000.0,108.36,9080000.0,6.0,80.157,6025.0,222.0,15189.0,13993.0,15266.0,90.0,327.5,4700.0,116.0,226.0,215.0,310.0,257.0,4300.0,13986.0,86.0,6350.0,11825.0,13896.0,6575.0,305.0,2650.0,3700.0,19300.0,163.0,4880.0,237.5,15754.0,5625.0,245.0,5580.0,4275.0,347.5,325.0,5022.0,3796.0,2741.0,46.0,58.0,79.0,87.0,103.5,44.51,46.49,2020,3,13,0,23,1,34000.0,33500.0,31500.0,33750.0,33087.5,1250.0,1912.5,0.0294117647058822,1.0,-1.6081226496766366e-16
2020-03-30,35000,843.6,1010000.0,3613.0,17230000.0,118.78,5900000.0,6.0,78.7223,6025.0,199.0,15112.0,13959.0,15124.0,85.0,307.5,4700.0,104.5,195.0,188.0,290.0,240.0,4300.0,13846.0,81.0,6350.0,11825.0,13758.0,6575.0,297.0,2650.0,3700.0,19300.0,156.0,4880.0,212.5,15563.0,5625.0,215.0,5580.0,4275.0,317.5,302.5,4779.0,3562.0,2470.0,44.0,54.0,75.0,89.5,110.5,44.51,46.49,2020,3,14,0,30,1,35000.0,34000.0,32500.0,34375.0,33287.5,625.0,1712.5,0.0,0.992708874098054,-0.1205366802553228
2020-04-06,34500,892.8,1050000.0,3988.0,19340000.0,130.0,8140000.0,6.0,78.7223,6025.0,190.0,15119.0,13902.0,14716.0,83.0,292.5,4700.0,104.5,192.0,190.0,270.0,233.0,4300.0,13533.0,79.0,6350.0,11825.0,13464.0,6575.0,280.0,2715.0,4050.0,20100.0,144.0,5355.0,212.5,15516.0,5625.0,210.0,5580.0,4275.0,292.5,280.0,4779.0,3562.0,2470.0,44.0,54.0,75.0,89.5,110.5,45.19,46.65,2020,4,15,0,6,2,35000.0,35000.0,33500.0,34625.0,33500.0,-125.0,1000.0,-0.0142857142857142,0.970941817426052,-0.2393156642875575
2020-04-13,34000,882.2,512520.0,3934.0,5210000.0,129.92,3370000.0,6.0,74.605,6025.0,230.0,15003.0,13849.0,14683.0,83.0,292.5,4700.0,104.5,230.0,225.0,265.0,233.0,4300.0,13867.0,79.0,6350.0,11975.0,13324.0,6575.0,285.0,2405.0,4050.0,20100.0,135.0,5355.0,232.5,15812.0,5625.0,245.0,5580.0,4275.0,297.5,280.0,4779.0,3562.0,2470.0,44.0,54.0,75.0,89.5,110.5,45.19,46.65,2020,4,16,0,13,2,34500.0,35000.0,34000.0,34625.0,33750.0,-625.0,250.0,-0.0144927536231883,0.9350162426854148,-0.3546048870425354
2020-04-20,33500,874.2,996900.0,3932.0,9660000.0,127.5,6810000.0,6.0,74.7119,6025.0,242.0,15407.0,13923.0,14833.0,85.0,297.5,4700.0,102.5,244.0,232.0,265.0,250.0,4300.0,13981.0,81.0,6350.0,11975.0,13414.0,6575.0,290.0,2405.0,4050.0,20100.0,135.0,5355.0,235.0,16073.0,5625.0,256.0,5580.0,4275.0,297.5,297.5,4779.0,3562.0,2470.0,44.0,54.0,75.0,89.5,110.5,45.19,46.65,2020,4,17,0,20,2,34000.0,34500.0,35000.0,34250.0,34000.0,-750.0,-500.0,-0.0147058823529411,0.8854560256532099,-0.4647231720437685
2020-04-27,33500,869.0,897340.0,4070.0,11100000.0,123.16,6450000.0,5.5,75.129,6025.0,241.0,16149.0,14469.0,15546.0,84.0,302.5,4700.0,98.5,245.0,232.0,265.0,250.0,4300.0,14608.0,80.0,6350.0,11975.0,14229.0,6575.0,283.0,2405.0,4050.0,20100.0,126.0,5355.0,235.0,16684.0,5625.0,255.0,5580.0,4275.0,290.0,295.0,5281.0,4072.0,2210.0,44.0,62.0,83.0,83.5,101.0,45.19,46.65,2020,4,18,0,27,2,33500.0,34000.0,35000.0,33875.0,34125.0,-375.0,-625.0,0.0,0.8229838658936565,-0.5680647467311557
2020-05-04,33500,871.0,881380.0,3951.0,12350000.0,124.8,5360000.0,5.5,73.6894,6025.0,230.0,16327.0,14213.0,15853.0,83.0,305.0,4700.0,96.5,225.0,220.0,267.0,250.0,4300.0,14859.0,79.0,6350.0,11975.0,14625.0,6575.0,286.0,2405.0,4050.0,20100.0,114.0,5355.0,237.5,16986.0,5625.0,240.0,5580.0,4275.0,301.0,282.5,5281.0,4072.0,2210.0,44.0,62.0,83.0,83.5,101.0,45.16,46.59,2020,5,19,0,4,2,33500.0,33500.0,34500.0,33625.0,34125.0,-125.0,-625.0,0.0,0.7485107481711013,-0.663122658240795
2020-05-11,33500,871.4,519530.0,3810.0,13940000.0,125.0,3770000.0,5.5,74.1169,6025.0,230.0,16247.0,14244.0,15923.0,85.0,301.0,4500.0,101.5,232.0,220.0,285.0,250.0,4150.0,14831.0,81.0,6350.0,11475.0,14627.0,6575.0,288.0,2402.5,4075.0,20100.0,110.0,5725.0,247.5,17013.0,5625.0,242.0,5530.0,4275.0,305.0,300.0,5281.0,4072.0,2210.0,44.0,62.0,83.0,83.5,101.0,45.16,46.59,2020,5,20,0,11,2,33500.0,33500.0,34000.0,33500.0,34062.5,0.0,-562.5,0.0,0.6631226582407952,-0.7485107481711012
2020-05-18,33500,861.0,1130000.0,3784.0,12830000.0,124.64,8600000.0,5.5,73.9298,6025.0,235.0,16133.0,14045.0,15705.0,91.0,301.0,4500.0,103.5,240.0,225.0,290.0,255.0,4150.0,14370.0,86.5,6350.0,11475.0,14370.0,6575.0,290.0,2402.5,4075.0,20100.0,116.0,5725.0,251.5,16514.0,5625.0,250.0,5530.0,4275.0,305.0,307.5,5281.0,4072.0,2210.0,44.0,62.0,83.0,83.5,101.0,45.16,46.59,2020,5,21,0,18,2,33500.0,33500.0,33500.0,33500.0,33875.0,0.0,-375.0,0.0,0.5680647467311558,-0.8229838658936564
2020-05-25,33500,908.0,1510000.0,3927.0,10190000.0,132.2,5990000.0,5.5,70.924,6025.0,235.0,14983.0,13994.0,14946.0,97.0,307.5,4500.0,109.0,240.0,220.0,295.0,252.0,4150.0,13578.0,92.5,6350.0,11475.0,13642.0,6575.0,295.0,2402.5,4075.0,20100.0,118.0,5725.0,256.5,15486.0,5625.0,250.0,5530.0,4275.0,307.5,307.5,5281.0,4072.0,2210.0,44.0,62.0,83.0,83.5,101.0,45.16,46.59,2020,5,22,0,25,2,33500.0,33500.0,33500.0,33500.0,33687.5,0.0,-187.5,0.0,0.464723172043769,-0.8854560256532096
2020-06-01,33000,939.0,968630.0,4100.0,10850000.0,137.72,4500000.0,5.5,71.1012,6025.0,238.0,14834.0,13739.0,14631.0,97.0,306.0,4500.0,110.0,241.0,225.0,295.0,255.0,4150.0,13058.0,92.5,6350.0,11475.0,13257.0,6575.0,296.0,2402.5,4075.0,20100.0,111.0,5725.0,262.5,14911.0,5625.0,253.0,5530.0,4275.0,312.0,302.5,5645.0,4206.0,2399.0,44.0,63.0,89.0,96.0,113.0,45.16,46.59,2020,6,23,0,1,2,33500.0,33500.0,33500.0,33375.0,33500.0,-375.0,-500.0,-0.0149253731343284,0.3546048870425358,-0.9350162426854148
2020-06-08,33000,944.0,1140000.0,4299.0,8220000.0,137.58,6720000.0,5.5,69.0151,6025.0,243.0,14309.0,13629.0,14467.0,101.0,305.0,4500.0,111.5,247.0,230.0,295.0,260.0,4150.0,12702.0,96.0,6350.0,9625.0,13091.0,6575.0,307.0,2880.0,4025.0,20100.0,108.0,5695.0,267.5,14185.0,5625.0,258.0,5530.0,4275.0,313.5,302.5,5645.0,4206.0,2399.0,44.0,63.0,89.0,96.0,113.0,45.16,46.59,2020,6,24,0,8,2,33000.0,33500.0,33500.0,33250.0,33375.0,-250.0,-375.0,0.0,0.2393156642875576,-0.970941817426052
2020-06-15,33000,879.2,2130000.0,4055.0,19110000.0,131.5,7930000.0,5.5,68.6183,6025.0,250.0,14363.0,13702.0,14523.0,105.0,312.0,4500.0,111.5,253.0,236.0,300.0,270.0,4150.0,12777.0,98.0,6350.0,9625.0,13162.0,6575.0,305.0,2880.0,4025.0,20100.0,109.0,5695.0,267.5,13844.0,5625.0,265.0,5530.0,4275.0,320.0,307.5,5645.0,4206.0,2399.0,44.0,63.0,89.0,96.0,113.0,45.16,46.59,2020,6,25,0,15,2,33000.0,33000.0,33500.0,33125.0,33312.5,-125.0,-312.5,0.0,0.120536680255323,-0.992708874098054
2020-06-22,33700,870.6,1160000.0,3938.0,11420000.0,138.32,4570000.0,4.5,69.618,6025.0,245.0,15019.0,13394.0,14771.0,104.0,312.5,4500.0,108.5,250.0,235.0,313.0,281.0,4150.0,13367.0,96.0,6350.0,9625.0,13613.0,6575.0,318.0,2880.0,4025.0,20100.0,111.0,5695.0,262.5,13687.0,5625.0,264.0,5530.0,4275.0,322.5,310.0,5645.0,4206.0,2399.0,44.0,63.0,89.0,96.0,113.0,45.16,46.59,2020,6,26,0,22,2,33000.0,33000.0,33500.0,33175.0,33337.5,525.0,362.5,0.0212121212121212,-3.216245299353273e-16,-1.0
2020-06-29,34500,854.8,872220.0,3720.0,12010000.0,139.02,3090000.0,4.5,69.466,6025.0,237.0,15611.0,13549.0,15210.0,104.0,312.5,4500.0,106.5,244.0,230.0,313.0,265.0,4150.0,13917.0,96.0,6350.0,9625.0,14018.0,6575.0,315.0,2880.0,4025.0,20100.0,115.0,5695.0,260.0,14474.0,5625.0,257.0,5530.0,4275.0,323.5,310.0,5566.0,4012.0,2304.0,42.0,61.0,88.0,98.5,117.5,45.16,46.59,2020,6,27,0,29,2,33700.0,33000.0,33000.0,33550.0,33462.5,950.0,1037.5,0.0237388724035607,-0.1205366802553228,-0.992708874098054
2020-07-06,34500,901.0,1600000.0,3856.0,16570000.0,143.98,3330000.0,4.5,70.5198,4700.0,235.0,16135.0,13680.0,15502.0,101.0,319.0,4000.0,106.5,244.0,230.0,305.0,257.0,3225.0,14252.0,92.0,5000.0,8550.0,14232.0,5725.0,310.0,2600.0,4580.0,20250.0,116.0,6240.0,260.0,14956.0,4750.0,255.0,4610.0,3850.0,321.0,320.0,5566.0,4012.0,2304.0,42.0,61.0,88.0,98.5,117.5,45.09,46.58,2020,7,28,0,6,3,34500.0,33700.0,33000.0,33925.0,33587.5,575.0,912.5,0.0,-0.2393156642875574,-0.970941817426052
2020-07-13,35000,872.8,572650.0,3767.0,16170000.0,135.64,3130000.0,4.5,70.88,4700.0,233.0,16093.0,13891.0,15694.0,105.0,322.5,4000.0,108.0,241.0,230.0,313.0,257.0,3225.0,14385.0,95.0,5000.0,8550.0,14462.0,5725.0,317.0,2600.0,4580.0,20250.0,116.0,6240.0,262.5,15346.0,4750.0,255.0,4610.0,3850.0,325.0,320.0,5566.0,4012.0,2304.0,42.0,61.0,88.0,98.5,117.5,45.09,46.58,2020,7,29,0,13,3,34500.0,34500.0,33000.0,34425.0,33775.0,575.0,1225.0,0.0144927536231884,-0.3546048870425356,-0.9350162426854148
2020-07-20,35000,887.6,750440.0,3830.0,9870000.0,138.48,2270000.0,4.5,71.231,4700.0,236.0,16450.0,14243.0,15809.0,112.0,325.0,4000.0,109.0,239.0,235.0,320.0,257.0,3225.0,14749.0,99.5,5000.0,8550.0,14664.0,5725.0,323.0,2600.0,4580.0,20250.0,110.0,6240.0,267.5,16007.0,4750.0,259.0,4610.0,3850.0,327.5,325.0,5566.0,4012.0,2304.0,42.0,61.0,88.0,98.5,117.5,45.09,46.58,2020,7,30,0,20,3,35000.0,34500.0,33700.0,34750.0,33962.5,250.0,1037.5,0.0,-0.464723172043768,-0.8854560256532101
2020-07-27,35100,909.6,897870.0,3913.0,21370000.0,145.7,6030000.0,4.25,70.963,4700.0,245.0,16575.0,14357.0,16100.0,110.0,327.5,4000.0,108.0,248.0,245.0,320.0,267.0,3225.0,15036.0,97.5,5000.0,8550.0,14979.0,5725.0,323.0,2600.0,4580.0,20250.0,111.0,6240.0,272.5,16443.0,4750.0,269.0,4610.0,3850.0,327.5,331.0,6256.0,4645.0,2577.0,46.0,70.0,98.0,100.5,120.0,45.09,46.58,2020,7,31,0,27,3,35000.0,35000.0,34500.0,34900.0,34225.0,200.0,875.0,0.0028571428571428,-0.5680647467311556,-0.8229838658936566
2020-08-03,35100,916.8,672610.0,3976.0,9180000.0,144.68,3500000.0,4.25,73.3633,4700.0,255.0,17052.0,14364.0,16548.0,110.0,332.5,4000.0,109.0,256.0,252.0,320.0,273.0,3225.0,15399.0,97.5,5000.0,8550.0,15362.0,5725.0,325.0,2600.0,4580.0,20250.0,111.0,6240.0,275.0,16775.0,4750.0,277.0,4610.0,3850.0,330.0,332.5,6256.0,4645.0,2577.0,46.0,70.0,98.0,100.5,120.0,45.5,46.64,2020,8,32,0,3,3,35100.0,35000.0,34500.0,35050.0,34487.5,50.0,612.5,0.0,-0.663122658240795,-0.7485107481711013
2020-08-10,35200,933.2,629900.0,3953.0,7600000.0,154.4,8520000.0,4.25,73.0397,4700.0,264.0,17468.0,14462.0,16807.0,119.0,345.5,4000.0,112.5,263.0,257.0,337.0,278.0,3225.0,15815.0,105.5,5000.0,8700.0,15826.0,5725.0,335.0,2765.0,4825.0,20250.0,107.0,6575.0,285.0,17173.0,4750.0,283.0,4610.0,3850.0,335.0,345.0,6256.0,4645.0,2577.0,46.0,70.0,98.0,100.5,120.0,45.5,46.64,2020,8,33,0,10,3,35100.0,35100.0,35000.0,35100.0,34762.5,100.0,437.5,0.0028490028490029,-0.7485107481711011,-0.6631226582407952
2020-08-17,35500,968.4,795840.0,4000.0,9220000.0,159.7,6120000.0,4.25,73.6067,4700.0,266.0,17434.0,14797.0,17205.0,122.0,347.5,4000.0,112.5,264.0,259.0,340.0,293.0,3225.0,16070.0,108.5,5000.0,8700.0,16267.0,5725.0,342.0,2765.0,4825.0,20250.0,106.0,6575.0,287.5,17596.0,4750.0,285.0,4610.0,3850.0,335.0,347.5,6256.0,4645.0,2577.0,46.0,70.0,98.0,100.5,120.0,45.5,46.64,2020,8,34,0,17,3,35200.0,35100.0,35000.0,35225.0,34987.5,275.0,512.5,0.0085227272727272,-0.8229838658936564,-0.5680647467311559
2020-08-24,36500,962.6,524030.0,3978.0,5150000.0,160.18,3790000.0,4.25,73.7711,4700.0,261.0,17836.0,15637.0,17550.0,127.0,347.5,4000.0,117.0,263.0,253.0,340.0,305.0,3225.0,16335.0,113.5,5000.0,8700.0,16626.0,5725.0,342.0,2765.0,4825.0,20250.0,106.0,6575.0,285.0,17907.0,4750.0,282.0,4610.0,3850.0,337.5,347.5,6256.0,4645.0,2577.0,46.0,70.0,98.0,100.5,120.0,45.5,46.64,2020,8,35,0,24,3,35500.0,35200.0,35100.0,35575.0,35237.5,925.0,1262.5,0.028169014084507,-0.8854560256532096,-0.4647231720437691
2020-08-31,37200,931.0,1370000.0,3785.0,24170000.0,154.48,8710000.0,4.25,75.2354,4700.0,265.0,17989.0,15744.0,17534.0,123.0,347.5,4000.0,116.0,267.0,260.0,340.0,308.0,3225.0,16380.0,111.0,5000.0,8700.0,16583.0,5725.0,345.0,2765.0,4825.0,20250.0,107.0,6575.0,285.0,18075.0,4750.0,288.0,4610.0,3850.0,359.0,348.5,6418.0,4936.0,2651.0,47.0,75.0,103.0,107.5,136.5,45.82,46.81,2020,8,36,0,31,3,36500.0,35500.0,35100.0,36100.0,35575.0,1100.0,1625.0,0.0191780821917808,-0.9350162426854148,-0.3546048870425359
2020-09-07,37500,929.6,924280.0,3693.0,15920000.0,160.2,3780000.0,4.25,75.468,4700.0,275.0,17983.0,16233.0,17520.0,127.0,361.0,4000.0,121.5,278.0,270.0,350.0,310.0,3225.0,16554.0,114.5,5000.0,9550.0,16595.0,5725.0,354.0,3060.0,6050.0,20550.0,108.0,7570.0,292.5,18417.0,4750.0,298.0,4610.0,3850.0,365.0,355.0,6418.0,4936.0,2651.0,47.0,75.0,103.0,107.5,136.5,45.82,46.81,2020,9,37,0,7,3,37200.0,36500.0,35200.0,36675.0,35887.5,825.0,1612.5,0.0080645161290322,-0.970941817426052,-0.2393156642875577
2020-09-14,37500,987.4,1160000.0,3863.0,24330000.0,166.6,6430000.0,4.25,75.5274,4700.0,280.0,18039.0,16547.0,17869.0,128.0,367.5,4000.0,127.5,282.0,276.0,365.0,314.0,3225.0,17172.0,114.5,5000.0,9550.0,16887.0,5725.0,360.0,3060.0,6950.0,20550.0,113.0,7570.0,297.5,18961.0,4750.0,301.0,4610.0,3850.0,375.0,362.5,6418.0,4936.0,2651.0,47.0,75.0,103.0,107.5,136.5,45.82,46.81,2020,9,38,0,14,3,37500.0,37200.0,35500.0,37175.0,36200.0,325.0,1300.0,0.0,-0.992708874098054,-0.1205366802553235
2020-09-21,38000,972.2,950030.0,3951.0,20400000.0,166.42,3940000.0,4.25,75.1941,4700.0,273.0,19027.0,16672.0,18270.0,126.0,375.0,4000.0,129.5,282.0,273.0,365.0,314.0,3225.0,17817.0,112.5,5000.0,9550.0,17320.0,5725.0,369.0,3060.0,5625.0,20550.0,125.0,7570.0,295.0,19405.0,4750.0,296.0,4610.0,3850.0,387.5,362.5,6418.0,4936.0,2651.0,47.0,75.0,103.0,107.5,136.5,45.82,46.81,2020,9,39,0,21,3,37500.0,37500.0,36500.0,37550.0,36562.5,450.0,1437.5,0.0133333333333334,-1.0,-1.8369701987210287e-16
2020-09-28,38500,983.0,883200.0,3895.0,13300000.0,171.86,5750000.0,4.25,77.178,4700.0,272.0,19507.0,17257.0,18706.0,117.0,371.0,4000.0,120.5,283.0,273.0,360.0,305.0,3225.0,18220.0,103.5,5000.0,9550.0,17687.0,5725.0,363.0,2980.0,5625.0,20550.0,135.0,7570.0,295.0,19591.0,4750.0,295.0,4610.0,3850.0,383.5,362.5,7441.0,6257.0,2888.0,50.0,97.0,119.0,114.5,139.5,45.82,46.81,2020,9,40,0,28,3,38000.0,37500.0,37200.0,37875.0,36987.5,625.0,1512.5,0.013157894736842,-0.992708874098054,0.1205366802553232
2020-10-05,39500,1005.4,867390.0,3762.0,30500000.0,173.9,3790000.0,4.25,77.2774,4850.0,265.0,19744.0,17768.0,18923.0,121.0,372.0,4000.0,123.5,275.0,266.0,350.0,305.0,3225.0,18492.0,107.5,5300.0,9550.0,17962.0,5725.0,348.0,3390.0,6150.0,22350.0,138.0,8445.0,287.5,19934.0,4750.0,290.0,4680.0,3850.0,370.0,367.5,7441.0,6257.0,2888.0,50.0,97.0,119.0,114.5,139.5,45.94,46.87,2020,10,41,0,5,4,38500.0,38000.0,37500.0,38375.0,37525.0,1125.0,1975.0,0.0259740259740259,-0.970941817426052,0.2393156642875573
2020-10-12,40000,1010.0,573280.0,3608.0,21850000.0,173.28,4040000.0,4.25,77.9157,4850.0,260.0,19928.0,17982.0,19099.0,124.0,372.0,4000.0,126.0,265.0,260.0,353.0,302.0,3225.0,18681.0,110.5,5300.0,9550.0,18201.0,5725.0,355.0,3390.0,6150.0,22350.0,135.0,8445.0,282.5,20070.0,4750.0,285.0,4680.0,3850.0,367.5,367.5,7441.0,6257.0,2888.0,50.0,97.0,119.0,114.5,139.5,45.94,46.87,2020,10,42,0,12,4,39500.0,38500.0,37500.0,39000.0,38087.5,1000.0,1912.5,0.0126582278481013,-0.9350162426854148,0.3546048870425355
2020-10-19,39500,988.0,459360.0,3487.0,12650000.0,170.14,2130000.0,4.25,77.9461,4850.0,260.0,19716.0,17973.0,19062.0,121.0,370.0,4000.0,124.0,266.0,260.0,353.0,301.0,3225.0,18466.0,106.0,5300.0,9550.0,18148.0,5725.0,355.0,3390.0,6150.0,22350.0,123.0,8445.0,272.5,20070.0,4750.0,286.0,4680.0,3850.0,369.5,367.5,7441.0,6257.0,2888.0,50.0,97.0,119.0,114.5,139.5,45.94,46.87,2020,10,43,0,19,4,40000.0,39500.0,38000.0,39375.0,38462.5,125.0,1037.5,-0.0124999999999999,-0.8854560256532101,0.464723172043768
2020-10-26,39500,1063.0,767480.0,3674.0,18790000.0,179.64,4780000.0,4.25,77.0809,4850.0,264.0,19708.0,18031.0,18857.0,119.0,370.0,4000.0,126.0,270.0,262.0,353.0,301.0,3225.0,18526.0,103.5,5300.0,9550.0,18044.0,5725.0,359.0,3390.0,6150.0,22350.0,112.0,8445.0,277.5,20063.0,4750.0,290.0,4680.0,3850.0,375.0,370.0,8225.0,6210.0,3330.0,56.0,94.0,131.0,111.0,136.5,45.94,46.87,2020,10,44,0,26,4,39500.0,40000.0,38500.0,39625.0,38750.0,-125.0,750.0,0.0,-0.822983865893657,0.5680647467311548
2020-11-02,39500,1093.0,925500.0,3780.0,29440000.0,188.2,7040000.0,4.25,78.8699,4850.0,265.0,19823.0,18089.0,18906.0,116.0,370.0,4000.0,125.0,272.0,264.0,353.0,303.0,3225.0,18742.0,100.5,5300.0,9550.0,18080.0,5725.0,359.0,3390.0,6150.0,22350.0,111.0,8445.0,277.5,20215.0,4750.0,292.0,4680.0,3850.0,375.0,370.0,8225.0,6210.0,3330.0,56.0,94.0,131.0,111.0,136.5,45.94,46.87,2020,11,45,0,2,4,39500.0,39500.0,39500.0,39625.0,39000.0,-125.0,500.0,0.0,-0.7485107481711011,0.6631226582407952
2020-11-09,39500,1098.0,1590000.0,3919.0,57690000.0,191.88,7740000.0,4.25,78.4559,4850.0,269.0,20125.0,18438.0,19351.0,118.0,372.5,4050.0,128.0,277.0,266.0,360.0,308.0,3225.0,19029.0,102.5,5300.0,9550.0,18508.0,5725.0,370.0,3445.0,6650.0,23100.0,115.0,8445.0,280.0,20562.0,4750.0,296.0,4680.0,3850.0,378.5,377.5,8225.0,6210.0,3330.0,56.0,94.0,131.0,111.0,136.5,45.94,46.87,2020,11,46,0,9,4,39500.0,39500.0,40000.0,39500.0,39250.0,0.0,250.0,0.0,-0.6631226582407955,0.7485107481711007
2020-11-16,39500,1132.0,1310000.0,4300.0,37830000.0,202.58,10060000.0,4.25,77.1148,4850.0,281.0,20199.0,18723.0,19672.0,123.0,385.0,4050.0,132.0,291.0,280.0,375.0,325.0,3225.0,19116.0,107.5,5300.0,9550.0,18760.0,5725.0,379.0,3445.0,6650.0,23100.0,116.0,8445.0,282.5,20650.0,4750.0,310.0,4680.0,3850.0,392.5,393.5,8225.0,6210.0,3330.0,56.0,94.0,131.0,111.0,136.5,45.94,46.87,2020,11,47,0,16,4,39500.0,39500.0,39500.0,39500.0,39437.5,0.0,62.5,0.0,-0.5680647467311559,0.8229838658936564
2020-11-23,39500,1115.0,840550.0,4192.0,17410000.0,190.34,5160000.0,4.25,76.2627,4850.0,303.0,20488.0,19062.0,20073.0,127.0,408.5,4050.0,135.0,310.0,300.0,395.0,335.0,3225.0,19331.0,111.5,5300.0,9550.0,19154.0,5725.0,405.0,3445.0,6650.0,23100.0,114.0,8445.0,292.5,20966.0,4750.0,330.0,4680.0,3850.0,430.0,412.5,8225.0,6210.0,3330.0,56.0,94.0,131.0,111.0,136.5,45.94,46.87,2020,11,48,0,23,4,39500.0,39500.0,39500.0,39500.0,39562.5,0.0,-62.5,0.0,-0.4647231720437684,0.88545602565321
2020-11-30,41500,1131.8,2250000.0,4348.0,287900000.0,192.62,15520000.0,4.25,75.4518,4850.0,322.0,21016.0,18927.0,20698.0,129.0,430.0,4050.0,137.0,320.0,315.0,430.0,340.0,3225.0,19632.0,113.5,5300.0,9550.0,19729.0,5725.0,435.0,3445.0,6650.0,23100.0,118.0,8445.0,312.5,21348.0,4750.0,350.0,4680.0,3850.0,453.5,464.0,8184.0,6382.0,3442.0,57.0,95.0,130.0,117.0,145.5,45.94,46.81,2020,11,49,0,30,4,39500.0,39500.0,39500.0,40000.0,39812.5,1500.0,1687.5,0.0506329113924051,-0.3546048870425359,0.9350162426854148
2020-12-07,42500,1163.0,3210000.0,4749.0,74210000.0,196.44,14710000.0,4.25,75.1996,4850.0,330.0,21464.0,19187.0,21376.0,137.0,474.0,4050.0,147.0,340.0,320.0,440.0,380.0,3225.0,20299.0,121.5,5300.0,9550.0,20457.0,5725.0,470.0,3440.0,6635.0,24600.0,121.0,8450.0,327.5,21786.0,4750.0,360.0,4680.0,3850.0,460.0,481.0,8184.0,6382.0,3442.0,57.0,95.0,130.0,117.0,145.5,45.94,46.81,2020,12,50,0,7,4,41500.0,39500.0,39500.0,40750.0,40125.0,1750.0,2375.0,0.0240963855421687,-0.2393156642875578,0.970941817426052
2020-12-14,51000,1268.6,4110000.0,5095.0,54150000.0,211.1,14160000.0,4.25,73.7124,4850.0,372.0,22924.0,19772.0,22459.0,153.0,490.0,4050.0,157.0,380.0,365.0,485.0,390.0,3225.0,21377.0,137.5,5300.0,9550.0,21690.0,5725.0,490.0,3440.0,6635.0,24600.0,122.0,8450.0,357.5,22629.0,4750.0,400.0,4680.0,3850.0,482.5,506.0,8184.0,6382.0,3442.0,57.0,95.0,130.0,117.0,145.5,45.94,46.81,2020,12,51,0,14,4,42500.0,41500.0,39500.0,43625.0,41562.5,7375.0,9437.5,0.1999999999999999,-0.1205366802553236,0.992708874098054
2020-12-21,58000,1252.0,1900000.0,5198.0,41040000.0,210.4,9870000.0,4.25,72.9781,4850.0,415.0,24467.0,20725.0,23828.0,158.0,500.0,4050.0,163.0,418.0,405.0,505.0,455.0,3225.0,22925.0,142.5,5300.0,9550.0,23142.0,5725.0,515.0,3440.0,6635.0,24600.0,123.0,8450.0,387.5,23676.0,4750.0,440.0,4680.0,3850.0,517.5,527.5,8184.0,6382.0,3442.0,57.0,95.0,130.0,117.0,145.5,45.94,46.81,2020,12,52,0,21,4,51000.0,42500.0,39500.0,48250.0,43875.0,9750.0,14125.0,0.1372549019607842,6.432490598706546e-16,1.0
2020-12-28,61000,1374.4,1330000.0,5843.0,49010000.0,220.4,10800000.0,4.25,74.8392,4850.0,442.0,26167.0,22224.0,26123.0,168.0,510.0,4050.0,184.0,447.0,433.0,535.0,475.0,3225.0,24565.0,152.5,5300.0,9550.0,25395.0,5725.0,540.0,3440.0,6635.0,24600.0,126.0,8450.0,407.5,25382.0,4750.0,470.0,4680.0,3850.0,555.0,562.5,8216.0,6236.0,3432.0,56.0,94.0,131.0,148.5,175.0,45.94,46.81,2020,12,53,0,28,4,58000.0,51000.0,41500.0,53125.0,46562.5,7875.0,14437.5,0.0517241379310344,0.1205366802553231,0.992708874098054
2021-01-04,61000,1343.2,999390.0,5693.0,29120000.0,214.2,7260000.0,4.25,73.6567,4850.0,450.0,27485.0,23365.0,27402.0,161.0,522.5,4050.0,181.0,454.0,440.0,535.0,475.0,3225.0,26082.0,145.5,5300.0,9550.0,26802.0,5725.0,540.0,3440.0,6635.0,24600.0,129.0,8450.0,412.5,27156.0,4750.0,477.0,4680.0,3850.0,555.0,562.5,8216.0,6236.0,3432.0,56.0,94.0,131.0,148.5,175.0,45.94,46.81,2021,1,1,0,4,1,61000.0,58000.0,42500.0,57750.0,49250.0,3250.0,11750.0,0.0,0.120536680255323,0.992708874098054
2021-01-11,61000,1351.2,1420000.0,5792.0,39090000.0,219.36,12030000.0,4.25,73.6567,5050.0,455.0,27884.0,23572.0,28007.0,168.0,545.0,4350.0,190.0,457.0,443.0,550.0,480.0,3425.0,26461.0,152.5,6850.0,11350.0,27134.0,6325.0,555.0,4025.0,8100.0,32375.0,131.0,9885.0,412.5,27967.0,6250.0,480.0,5370.0,4100.0,572.5,567.5,8216.0,6236.0,3432.0,56.0,94.0,131.0,148.5,175.0,45.94,46.81,2021,1,2,0,11,1,61000.0,61000.0,51000.0,60250.0,51937.5,750.0,9062.5,0.0,0.2393156642875577,0.970941817426052
2021-01-18,62000,1347.8,1700000.0,5686.0,32980000.0,219.06,5230000.0,4.25,73.7961,5050.0,440.0,27893.0,24195.0,28134.0,171.0,545.0,4350.0,194.0,445.0,428.0,550.0,480.0,3425.0,26348.0,155.5,6850.0,11350.0,27297.0,6325.0,555.0,4025.0,8100.0,32375.0,138.0,9885.0,402.5,27545.0,6250.0,465.0,5370.0,4100.0,572.5,562.5,8216.0,6236.0,3432.0,56.0,94.0,131.0,148.5,175.0,45.94,46.81,2021,1,3,0,18,1,61000.0,61000.0,58000.0,61250.0,54750.0,750.0,7250.0,0.0163934426229508,0.3546048870425356,0.9350162426854148
2021-01-25,62000,1313.0,1660000.0,5483.0,30160000.0,220.32,6630000.0,4.25,73.3694,5050.0,410.0,28573.0,25479.0,28415.0,170.0,535.0,4350.0,196.0,414.0,403.0,520.0,455.0,3425.0,27178.0,154.5,6850.0,11350.0,27647.0,6325.0,525.0,4025.0,8100.0,32375.0,151.0,9885.0,382.5,27983.0,6250.0,440.0,5370.0,4100.0,540.0,545.0,8216.0,6236.0,3432.0,56.0,94.0,131.0,148.5,175.0,45.94,46.81,2021,1,4,0,25,1,62000.0,61000.0,61000.0,61500.0,57312.5,500.0,4687.5,0.0,0.4647231720437685,0.8854560256532099
2021-02-01,59000,1278.4,1250000.0,5359.0,49650000.0,211.7,5080000.0,4.25,76.1854,5050.0,380.0,28416.0,25579.0,28503.0,163.0,520.0,4350.0,192.0,392.0,380.0,490.0,417.0,3425.0,27494.0,147.5,6850.0,11350.0,27662.0,6325.0,505.0,4025.0,8100.0,32375.0,171.0,9885.0,367.5,28246.0,6250.0,415.0,5370.0,4100.0,520.0,515.0,9443.0,7682.0,4008.0,64.0,118.0,151.0,166.0,189.0,45.94,46.81,2021,2,5,0,1,1,62000.0,62000.0,61000.0,61000.0,59375.0,-2000.0,-375.0,-0.0483870967741935,0.5680647467311558,0.8229838658936564
2021-02-08,55000,1296.4,1300000.0,5226.0,28330000.0,213.06,3890000.0,4.25,75.7293,7000.0,366.0,28187.0,25285.0,28002.0,154.0,510.0,5950.0,183.0,370.0,363.0,480.0,397.0,5150.0,27253.0,138.5,7950.0,14500.0,27102.0,8375.0,495.0,6600.0,9585.0,29875.0,172.0,11515.0,367.5,28177.0,8000.0,398.0,7000.0,4900.0,517.5,505.0,9443.0,7682.0,4008.0,64.0,118.0,151.0,166.0,189.0,45.94,46.81,2021,2,6,0,8,1,59000.0,62000.0,61000.0,59500.0,59875.0,-4500.0,-4875.0,-0.0677966101694915,0.6631226582407952,0.7485107481711011
2021-02-15,51500,1287.8,880350.0,5182.0,21110000.0,207.44,7800000.0,4.25,73.7579,7000.0,375.0,26751.0,24914.0,26993.0,164.0,522.5,5950.0,189.0,375.0,370.0,485.0,415.0,5150.0,26000.0,148.5,7950.0,14500.0,25834.0,8375.0,500.0,6600.0,9585.0,29875.0,165.0,11515.0,382.5,27643.0,8000.0,407.0,7000.0,4900.0,520.0,527.5,9443.0,7682.0,4008.0,64.0,118.0,151.0,166.0,189.0,45.94,46.81,2021,2,7,0,15,1,55000.0,59000.0,62000.0,56875.0,59062.5,-5375.0,-7562.5,-0.0636363636363636,0.7485107481711011,0.6631226582407953
2021-02-22,48500,1334.6,1560000.0,5309.0,26900000.0,214.64,8660000.0,4.25,73.9717,7000.0,387.0,25897.0,24774.0,25779.0,170.0,530.0,5950.0,190.0,388.0,380.0,500.0,440.0,5150.0,25440.0,154.5,7950.0,14500.0,24638.0,8375.0,520.0,6600.0,9585.0,29875.0,159.0,11515.0,397.5,27158.0,8000.0,418.0,7000.0,4900.0,520.0,545.0,9443.0,7682.0,4008.0,64.0,118.0,151.0,166.0,189.0,45.94,46.81,2021,2,8,0,22,1,51500.0,55000.0,62000.0,53500.0,57500.0,-5000.0,-9000.0,-0.0582524271844659,0.8229838658936564,0.5680647467311559
2021-03-01,48000,1366.8,1240000.0,5510.0,29600000.0,224.2,8080000.0,4.25,73.4747,7000.0,415.0,26494.0,24850.0,25524.0,174.0,544.0,5950.0,195.0,417.0,410.0,510.0,445.0,5150.0,25314.0,162.5,7950.0,14500.0,24653.0,8375.0,525.0,6600.0,9585.0,29875.0,154.0,11515.0,422.5,27240.0,8000.0,445.0,7000.0,4900.0,542.5,556.5,11218.0,9905.0,6679.0,93.0,152.0,179.0,167.0,191.5,45.94,46.81,2021,3,9,0,1,1,48500.0,51500.0,59000.0,50750.0,55875.0,-2750.0,-7875.0,-0.0103092783505154,0.8854560256532099,0.4647231720437686
2021-03-08,49000,1339.0,1110000.0,5466.0,27160000.0,213.3,25690000.0,4.25,73.7864,8250.0,425.0,26694.0,25336.0,26096.0,176.0,570.0,6600.0,201.0,425.0,422.0,520.0,460.0,5700.0,26011.0,164.5,8450.0,19500.0,25029.0,8475.0,546.0,4075.0,9425.0,30875.0,148.0,11575.0,437.5,27254.0,7800.0,460.0,7440.0,5900.0,562.5,569.0,11218.0,9905.0,6679.0,93.0,152.0,179.0,167.0,191.5,45.94,46.81,2021,3,10,0,8,1,48000.0,48500.0,55000.0,49250.0,54375.0,-250.0,-5375.0,0.0208333333333332,0.9350162426854148,0.3546048870425355
2021-03-15,50500,1436.2,1690000.0,5580.0,26170000.0,217.78,18140000.0,4.25,73.4996,8250.0,405.0,26961.0,26291.0,26877.0,168.0,557.5,6600.0,194.0,412.0,407.0,530.0,460.0,5700.0,26177.0,156.5,8450.0,19500.0,25843.0,8475.0,546.0,4075.0,9425.0,30875.0,142.0,11575.0,432.5,27738.0,7800.0,445.0,7440.0,5900.0,560.0,560.0,11218.0,9905.0,6679.0,93.0,152.0,179.0,167.0,191.5,45.94,46.81,2021,3,11,0,15,1,49000.0,48000.0,51500.0,49000.0,52937.5,1500.0,-2437.5,0.0306122448979591,0.970941817426052,0.239315664287558
2021-03-22,50800,1411.8,743680.0,5378.0,23340000.0,218.08,5210000.0,4.5,73.6582,8250.0,390.0,27526.0,26498.0,27680.0,164.0,559.0,6600.0,190.5,400.0,390.0,530.0,434.0,5700.0,26624.0,152.5,8450.0,19500.0,26670.0,8475.0,545.0,4075.0,9425.0,30875.0,138.0,11575.0,427.5,28137.0,7800.0,427.0,7440.0,5900.0,557.5,567.5,11218.0,9905.0,6679.0,93.0,152.0,179.0,167.0,191.5,45.94,46.81,2021,3,12,0,22,1,50500.0,49000.0,48500.0,49575.0,51537.5,1225.0,-737.5,0.0059405940594059,0.992708874098054,0.120536680255323
2021-03-29,51500,1441.2,2360000.0,5762.0,54460000.0,229.42,9110000.0,4.5,76.1741,8250.0,382.0,28225.0,27172.0,28656.0,160.0,555.0,6600.0,190.5,393.0,380.0,530.0,438.0,5700.0,27371.0,148.5,8450.0,19500.0,27585.0,8475.0,545.0,4075.0,9425.0,30875.0,136.0,11575.0,425.0,28832.0,7800.0,417.0,7440.0,5900.0,557.5,565.0,11388.0,9677.0,4524.0,71.0,147.0,182.0,169.0,195.0,45.94,46.81,2021,3,13,0,29,1,50800.0,50500.0,48000.0,50450.0,50600.0,1050.0,900.0,0.013779527559055,1.0,-1.6081226496766366e-16
2021-04-05,53500,1507.8,767910.0,6009.0,25360000.0,236.38,5200000.0,4.5,75.8073,8600.0,393.0,28804.0,27524.0,28998.0,167.0,556.0,7150.0,201.5,400.0,390.0,510.0,442.0,6250.0,27728.0,155.5,9500.0,21850.0,27967.0,8475.0,545.0,4550.0,10375.0,37600.0,138.0,12825.0,425.0,29311.0,7800.0,428.0,7870.0,6650.0,549.0,563.5,11388.0,9677.0,4524.0,71.0,147.0,182.0,169.0,195.0,47.17,47.77,2021,4,14,0,5,2,51500.0,50800.0,49000.0,51575.0,50412.5,1925.0,3087.5,0.0388349514563106,0.992708874098054,-0.1205366802553228
2021-04-12,54500,1607.8,1590000.0,6479.0,37270000.0,255.06,13760000.0,4.5,77.1011,8600.0,398.0,28948.0,27737.0,28730.0,171.0,558.5,7150.0,205.5,407.0,392.0,520.0,455.0,6250.0,27676.0,159.5,9500.0,21850.0,27727.0,8475.0,550.0,4550.0,10375.0,37600.0,138.0,12825.0,427.5,29418.0,7800.0,431.0,7870.0,6650.0,567.5,562.5,11388.0,9677.0,4524.0,71.0,147.0,182.0,169.0,195.0,47.17,47.77,2021,4,15,0,12,2,53500.0,51500.0,50500.0,52575.0,50787.5,1925.0,3712.5,0.0186915887850467,0.970941817426052,-0.2393156642875575
2021-04-19,58500,1735.6,3580000.0,6868.0,98770000.0,261.46,15490000.0,4.5,76.9808,8600.0,395.0,28798.0,27700.0,28318.0,175.0,570.0,7150.0,210.0,405.0,388.0,540.0,460.0,6250.0,27420.0,158.5,9500.0,21850.0,27434.0,8475.0,550.0,4550.0,10375.0,37600.0,138.0,12825.0,427.5,29405.0,7800.0,428.0,7870.0,6650.0,572.5,563.0,11388.0,9677.0,4524.0,71.0,147.0,182.0,169.0,195.0,47.17,47.77,2021,4,16,0,19,2,54500.0,53500.0,50800.0,54500.0,52037.5,4000.0,6462.5,0.073394495412844,0.9350162426854148,-0.3546048870425354
2021-04-26,60500,1876.0,2060000.0,6924.0,40910000.0,279.24,10510000.0,5.0,76.4217,8600.0,395.0,28571.0,27709.0,27879.0,185.0,574.0,7150.0,219.0,407.0,388.0,540.0,456.0,6250.0,27481.0,160.0,9500.0,21850.0,26981.0,8475.0,565.0,4550.0,10375.0,37600.0,138.0,12825.0,431.5,29309.0,7800.0,425.0,7870.0,6650.0,572.5,580.0,12736.0,10537.0,4439.0,70.0,160.0,205.0,183.5,222.5,47.17,47.77,2021,4,17,0,26,2,58500.0,54500.0,51500.0,56750.0,53600.0,3750.0,6900.0,0.0341880341880342,0.8854560256532099,-0.4647231720437685
2021-05-03,62500,1774.0,1460000.0,6526.0,28130000.0,264.68,9090000.0,5.0,74.3823,8600.0,405.0,28138.0,27722.0,27484.0,191.0,581.0,7150.0,228.0,415.0,400.0,560.0,466.0,6250.0,27325.0,166.0,9500.0,21850.0,26450.0,8475.0,580.0,4550.0,10375.0,37600.0,138.0,12825.0,440.0,29031.0,7800.0,438.0,7870.0,6650.0,577.5,590.0,12736.0,10537.0,4439.0,70.0,160.0,205.0,183.5,222.5,47.71,48.17,2021,5,18,0,3,2,60500.0,58500.0,53500.0,59000.0,55287.5,3500.0,7212.5,0.0330578512396693,0.8229838658936565,-0.5680647467311557
2021-05-10,63500,1831.2,1300000.0,6447.0,38780000.0,271.96,11260000.0,5.0,74.577,8600.0,437.0,27905.0,27700.0,27155.0,197.0,607.5,7150.0,233.0,445.0,432.0,590.0,471.0,6250.0,27092.0,172.0,9500.0,22250.0,26104.0,8475.0,600.0,4675.0,10050.0,37600.0,140.0,14025.0,462.5,28821.0,7800.0,470.0,7870.0,6650.0,617.5,613.5,12736.0,10537.0,4439.0,70.0,160.0,205.0,183.5,222.5,47.71,48.17,2021,5,19,0,10,2,62500.0,60500.0,54500.0,61250.0,56912.5,2250.0,6587.5,0.016,0.7485107481711013,-0.663122658240795
2021-05-17,67000,1772.8,754540.0,6328.0,13360000.0,268.74,4440000.0,5.0,74.3566,8600.0,471.0,27865.0,27883.0,27257.0,225.0,672.5,7150.0,256.0,480.0,467.0,630.0,525.0,6250.0,27165.0,200.0,9500.0,22250.0,26160.0,8475.0,660.0,4675.0,10050.0,37600.0,149.0,14025.0,497.5,29010.0,7800.0,503.0,7870.0,6650.0,655.0,665.0,12736.0,10537.0,4439.0,70.0,160.0,205.0,183.5,222.5,47.71,48.17,2021,5,20,0,17,2,63500.0,62500.0,58500.0,63375.0,58937.5,3625.0,8062.5,0.0551181102362203,0.6631226582407952,-0.7485107481711012
2021-05-24,71900,1784.0,666410.0,6522.0,21210000.0,272.5,5390000.0,5.0,73.6007,8600.0,473.0,28524.0,28571.0,27865.0,213.0,675.0,7150.0,244.0,482.0,470.0,630.0,535.0,6250.0,27588.0,188.0,9500.0,22250.0,26709.0,8475.0,640.0,4675.0,10050.0,37600.0,165.0,14025.0,500.0,29303.0,7800.0,507.0,7870.0,6650.0,657.5,670.0,12736.0,10537.0,4439.0,70.0,160.0,205.0,183.5,222.5,47.71,48.17,2021,5,21,0,24,2,67000.0,63500.0,60500.0,66225.0,61487.5,5675.0,10412.5,0.0731343283582088,0.5680647467311558,-0.8229838658936564
2021-05-31,71900,1686.0,2240000.0,6317.0,21850000.0,261.88,10070000.0,5.0,73.458,8600.0,475.0,29326.0,28883.0,28807.0,189.0,672.5,7150.0,224.0,483.0,475.0,630.0,518.0,6250.0,28134.0,164.0,9500.0,22250.0,27659.0,8475.0,640.0,4675.0,10050.0,37600.0,180.0,14025.0,506.0,29809.0,7800.0,510.0,7870.0,6650.0,657.5,667.5,13956.0,10279.0,4420.0,72.0,158.0,224.0,204.0,248.5,48.12,48.37,2021,5,22,0,31,2,71900.0,67000.0,62500.0,68575.0,63787.5,3325.0,8112.5,0.0,0.464723172043769,-0.8854560256532096
2021-06-07,72500,1685.4,1300000.0,6470.0,20540000.0,264.0,5810000.0,5.0,73.2636,8600.0,468.0,29672.0,28805.0,29278.0,207.0,662.5,7150.0,241.0,478.0,468.0,620.0,508.0,6250.0,28352.0,182.0,9500.0,24750.0,28162.0,8475.0,635.0,5390.0,12000.0,38350.0,190.0,16750.0,501.5,30160.0,7800.0,503.0,7870.0,6650.0,652.5,660.0,13956.0,10279.0,4420.0,72.0,158.0,224.0,204.0,248.5,48.12,48.37,2021,6,23,0,7,2,71900.0,71900.0,63500.0,70825.0,66037.5,1675.0,6462.5,0.0083449235048678,0.3546048870425358,-0.9350162426854148
2021-06-14,74000,1721.2,1040000.0,6760.0,27390000.0,272.02,5450000.0,5.0,72.1974,8600.0,469.0,29561.0,28242.0,29330.0,213.0,656.0,7150.0,246.0,475.0,469.0,630.0,515.0,6250.0,28373.0,187.0,9500.0,24750.0,28260.0,8475.0,635.0,5390.0,12000.0,38350.0,196.0,16750.0,520.0,30148.0,7800.0,504.0,7870.0,6650.0,669.5,653.5,13956.0,10279.0,4420.0,72.0,158.0,224.0,204.0,248.5,48.12,48.37,2021,6,24,0,14,2,72500.0,71900.0,67000.0,72575.0,67975.0,1425.0,6025.0,0.0206896551724138,0.2393156642875576,-0.970941817426052
2021-06-21,74000,1613.0,2340000.0,6372.0,34140000.0,259.04,15680000.0,5.5,72.5048,8600.0,463.0,29375.0,27722.0,29190.0,219.0,661.5,7150.0,253.0,461.0,465.0,630.0,515.0,6250.0,28202.0,192.0,9500.0,24750.0,28003.0,8475.0,640.0,5390.0,12000.0,38350.0,201.0,16750.0,520.0,30128.0,7800.0,500.0,7870.0,6650.0,657.5,658.0,13956.0,10279.0,4420.0,72.0,158.0,224.0,204.0,248.5,48.12,48.37,2021,6,25,0,21,2,74000.0,72500.0,71900.0,73100.0,69662.5,900.0,4337.5,0.0,0.120536680255323,-0.992708874098054
2021-06-28,74000,1571.4,1920000.0,6019.0,31570000.0,231.78,13020000.0,5.5,72.326,8600.0,457.0,29065.0,26673.0,28969.0,214.0,655.0,7150.0,250.0,459.0,462.0,615.0,513.0,6250.0,27807.0,187.0,9500.0,24750.0,27679.0,8475.0,605.0,5390.0,12000.0,38350.0,211.0,16750.0,517.5,30111.0,7800.0,497.0,7870.0,6650.0,642.5,652.5,16293.0,12288.0,5231.0,82.0,188.0,262.0,218.0,265.0,48.12,48.37,2021,6,26,0,28,2,74000.0,74000.0,71900.0,73625.0,71100.0,375.0,2900.0,0.0,-3.216245299353273e-16,-1.0
2021-07-05,74000,1555.0,990290.0,5908.0,14170000.0,226.84,5670000.0,5.5,72.9086,11800.0,456.0,27776.0,25813.0,27889.0,218.0,660.0,10500.0,259.0,459.0,460.0,615.0,518.0,9500.0,26924.0,191.0,14500.0,28500.0,26892.0,10150.0,600.0,5475.0,12090.0,42500.0,220.0,16450.0,517.5,29662.0,10800.0,498.0,10930.0,9500.0,641.5,670.0,16293.0,12288.0,5231.0,82.0,188.0,262.0,218.0,265.0,48.25,48.39,2021,7,27,0,5,3,74000.0,74000.0,72500.0,74000.0,72412.5,0.0,1587.5,0.0,-0.1205366802553228,-0.992708874098054
2021-07-12,73500,1631.8,1330000.0,6110.0,13480000.0,235.82,9120000.0,5.5,75.1952,11800.0,453.0,26909.0,25816.0,27063.0,220.0,662.5,10500.0,260.0,457.0,458.0,615.0,518.0,9500.0,26257.0,193.0,14500.0,28500.0,25966.0,10150.0,585.0,5475.0,12090.0,42500.0,227.0,16450.0,512.5,28463.0,10800.0,496.0,10930.0,9500.0,625.0,667.5,16293.0,12288.0,5231.0,82.0,188.0,262.0,218.0,265.0,48.25,48.39,2021,7,28,0,12,3,74000.0,74000.0,74000.0,73875.0,73225.0,-375.0,275.0,-0.0067567567567567,-0.2393156642875574,-0.970941817426052
2021-07-19,72500,1673.6,1670000.0,6199.0,40690000.0,233.46,10280000.0,5.5,74.2197,11800.0,441.0,26080.0,25855.0,25804.0,220.0,658.5,10500.0,255.0,448.0,448.0,615.0,508.0,9500.0,25358.0,193.0,14500.0,28500.0,24734.0,10150.0,605.0,5475.0,12090.0,42500.0,233.0,16450.0,495.0,27589.0,10800.0,486.0,10930.0,9500.0,632.5,645.0,16293.0,12288.0,5231.0,82.0,188.0,262.0,218.0,265.0,48.25,48.39,2021,7,29,0,19,3,73500.0,74000.0,74000.0,73500.0,73300.0,-1000.0,-800.0,-0.0136054421768707,-0.3546048870425356,-0.9350162426854148
2021-07-26,71500,1748.6,1030000.0,6718.0,37830000.0,248.84,7770000.0,6.5,73.6945,11800.0,437.0,26272.0,24580.0,26161.0,209.0,655.0,10500.0,241.0,445.0,440.0,605.0,508.0,9500.0,24725.0,182.0,14500.0,28500.0,24714.0,10150.0,608.0,5475.0,12090.0,42500.0,236.0,16450.0,487.5,26726.0,10800.0,480.0,10930.0,9500.0,632.5,637.5,16162.0,12403.0,5313.0,87.0,187.0,260.0,211.0,268.0,48.25,48.39,2021,7,30,0,26,3,72500.0,73500.0,74000.0,72875.0,73250.0,-1375.0,-1750.0,-0.0137931034482758,-0.464723172043768,-0.8854560256532101
2021-08-02,69500,1786.0,1030000.0,6914.0,18090000.0,256.86,6420000.0,6.5,73.1904,11800.0,430.0,26890.0,23645.0,26351.0,196.0,647.5,10500.0,222.0,439.0,427.0,570.0,503.0,9500.0,24886.0,169.0,14500.0,28500.0,25089.0,10150.0,590.0,5475.0,12090.0,42500.0,240.0,16450.0,482.5,26656.0,10800.0,472.0,10930.0,9500.0,607.5,635.0,16162.0,12403.0,5313.0,87.0,187.0,260.0,211.0,268.0,48.25,48.39,2021,8,31,0,2,3,71500.0,72500.0,74000.0,71750.0,72875.0,-2250.0,-3375.0,-0.027972027972028,-0.5680647467311556,-0.8229838658936566
2021-08-09,66000,1736.0,1700000.0,6753.0,26580000.0,253.92,19630000.0,6.5,73.168,11800.0,424.0,27101.0,24491.0,26706.0,178.0,605.0,10500.0,199.0,424.0,417.0,550.0,500.0,9500.0,25215.0,151.0,14500.0,28500.0,25589.0,10150.0,565.0,5750.0,12715.0,42500.0,245.0,17750.0,472.5,26812.0,10800.0,464.0,10930.0,9500.0,587.5,592.5,16162.0,12403.0,5313.0,87.0,187.0,260.0,211.0,268.0,48.25,48.39,2021,8,32,0,9,3,69500.0,71500.0,73500.0,69875.0,71875.0,-3875.0,-5875.0,-0.0503597122302158,-0.663122658240795,-0.7485107481711013
2021-08-16,65000,1761.2,764140.0,6820.0,12930000.0,251.22,7420000.0,6.5,73.5671,11800.0,415.0,27849.0,24489.0,27356.0,163.0,577.5,10500.0,181.0,421.0,410.0,540.0,495.0,9500.0,25672.0,137.0,14500.0,28500.0,26472.0,10150.0,540.0,5750.0,12715.0,42500.0,252.0,17750.0,462.5,26824.0,10800.0,457.0,10930.0,9500.0,586.0,577.5,16162.0,12403.0,5313.0,87.0,187.0,260.0,211.0,268.0,48.25,48.39,2021,8,33,0,16,3,66000.0,69500.0,72500.0,68000.0,70750.0,-3000.0,-5750.0,-0.0151515151515151,-0.7485107481711011,-0.6631226582407952
2021-08-23,63500,1690.2,1070000.0,6914.0,21290000.0,239.96,9540000.0,6.5,74.1503,11800.0,410.0,27941.0,24136.0,27394.0,149.0,567.5,10500.0,167.0,415.0,400.0,500.0,500.0,9500.0,26077.0,123.0,14500.0,28500.0,26514.0,10150.0,500.0,5750.0,12715.0,42500.0,261.0,17750.0,452.5,26890.0,10800.0,452.0,10930.0,9500.0,562.5,562.5,16162.0,12403.0,5313.0,87.0,187.0,260.0,211.0,268.0,48.25,48.39,2021,8,34,0,23,3,65000.0,66000.0,71500.0,66000.0,69437.5,-2500.0,-5937.5,-0.0230769230769231,-0.8229838658936564,-0.5680647467311559
2021-08-30,62000,1739.4,1240000.0,7144.0,13050000.0,250.96,8600000.0,6.5,73.9908,11800.0,406.0,28185.0,24175.0,27420.0,149.0,552.5,10500.0,163.0,413.0,396.0,485.0,500.0,9500.0,25998.0,123.0,14500.0,28500.0,26654.0,10150.0,500.0,5750.0,12715.0,42500.0,280.0,17750.0,447.5,26960.0,10800.0,448.0,10930.0,9500.0,531.0,537.5,17343.0,12649.0,5581.0,97.0,192.0,278.0,153.0,211.5,48.25,48.39,2021,8,35,0,30,3,63500.0,65000.0,69500.0,64125.0,67937.5,-2125.0,-5937.5,-0.0236220472440944,-0.8854560256532096,-0.4647231720437691
2021-09-06,59000,1663.0,951080.0,7921.0,28950000.0,237.38,17220000.0,6.5,72.8491,11800.0,405.0,28241.0,24250.0,27418.0,148.0,498.5,10500.0,160.0,413.0,394.0,480.0,483.0,9500.0,25879.0,122.0,14500.0,28500.0,26541.0,10150.0,505.0,4675.0,10365.0,40000.0,306.0,15600.0,445.5,27339.0,10800.0,446.0,10930.0,9500.0,531.0,537.5,17343.0,12649.0,5581.0,97.0,192.0,278.0,153.0,211.5,48.8,48.78,2021,9,36,0,6,3,62000.0,63500.0,66000.0,62375.0,66125.0,-3375.0,-7125.0,-0.0483870967741935,-0.9350162426854148,-0.3546048870425359
2021-09-13,56500,1648.8,1080000.0,7811.0,25470000.0,234.74,8460000.0,6.75,73.129,11800.0,401.0,28233.0,24106.0,27219.0,132.0,500.0,10500.0,146.0,409.0,390.0,480.0,483.0,9500.0,25793.0,106.0,14500.0,28500.0,26413.0,10150.0,470.0,4675.0,10365.0,40000.0,349.0,15600.0,442.5,27259.0,10800.0,443.0,10930.0,9500.0,531.0,537.5,17343.0,12649.0,5581.0,97.0,192.0,278.0,153.0,211.5,48.8,48.78,2021,9,37,0,13,3,59000.0,62000.0,65000.0,60250.0,64125.0,-3750.0,-7625.0,-0.0423728813559322,-0.970941817426052,-0.2393156642875577
2021-09-20,55000,1510.2,2260000.0,7215.0,40800000.0,212.36,18510000.0,6.75,72.4329,11800.0,392.0,27854.0,24607.0,26724.0,113.0,501.5,10500.0,136.0,405.0,386.0,480.0,498.0,9500.0,25523.0,88.0,14500.0,28500.0,26108.0,10150.0,475.0,4675.0,10365.0,40000.0,407.0,15600.0,441.0,26988.0,10800.0,439.0,10930.0,9500.0,530.0,537.5,17343.0,12649.0,5581.0,97.0,192.0,278.0,153.0,211.5,48.8,48.78,2021,9,38,0,20,3,56500.0,59000.0,63500.0,58125.0,62062.5,-3125.0,-7062.5,-0.0265486725663717,-0.992708874098054,-0.1205366802553235
2021-09-27,54000,1568.0,985720.0,7259.0,35740000.0,223.14,8130000.0,6.75,72.7245,11800.0,388.0,27166.0,24138.0,26251.0,103.0,497.5,10500.0,135.0,401.0,386.0,470.0,500.0,9500.0,25059.0,78.0,14500.0,28500.0,25488.0,10150.0,498.0,4675.0,10365.0,40000.0,447.0,15600.0,441.0,26703.0,10800.0,438.0,10930.0,9500.0,535.0,532.5,15503.0,10349.0,4482.0,81.0,159.0,249.0,107.0,163.5,48.8,48.78,2021,9,39,0,27,3,55000.0,56500.0,62000.0,56125.0,60125.0,-2125.0,-6125.0,-0.0181818181818181,-1.0,-1.8369701987210287e-16
2021-10-04,56800,1462.4,2210000.0,6716.0,46110000.0,205.26,21870000.0,6.75,72.6642,11800.0,385.0,26784.0,23908.0,25750.0,116.0,550.0,10500.0,152.0,398.0,386.0,470.0,500.0,9500.0,24722.0,91.0,14500.0,28500.0,25050.0,10150.0,478.0,4675.0,10365.0,40000.0,448.0,15600.0,437.5,26496.0,10800.0,435.0,10930.0,9500.0,535.5,534.0,15503.0,10349.0,4482.0,81.0,159.0,249.0,107.0,163.5,49.52,49.3,2021,10,40,0,4,4,54000.0,55000.0,59000.0,55575.0,58975.0,1225.0,-2175.0,0.0518518518518518,-0.992708874098054,0.1205366802553232
2021-10-11,59000,1595.6,1350000.0,7238.0,39710000.0,221.64,14050000.0,6.75,72.2854,21250.0,397.0,26523.0,24028.0,25604.0,119.0,557.5,19000.0,158.0,410.0,402.0,485.0,508.0,16350.0,24681.0,94.0,26000.0,40500.0,24896.0,17500.0,500.0,3585.0,7650.0,38500.0,449.0,13300.0,452.5,26474.0,21250.0,449.0,19510.0,17000.0,532.5,557.5,15503.0,10349.0,4482.0,81.0,159.0,249.0,107.0,163.5,49.52,49.3,2021,10,41,0,11,4,56800.0,54000.0,56500.0,56200.0,58225.0,2800.0,775.0,0.0387323943661972,-0.970941817426052,0.2393156642875573
2021-10-18,64000,1639.6,3640000.0,6993.0,33600000.0,219.24,15230000.0,6.75,71.7846,21250.0,427.0,26086.0,24275.0,25157.0,128.0,562.5,19000.0,180.0,436.0,432.0,500.0,528.0,16350.0,24534.0,114.5,26000.0,40500.0,24515.0,17500.0,515.0,3585.0,7650.0,38500.0,455.0,13300.0,473.5,26537.0,21250.0,480.0,19510.0,17000.0,545.0,565.0,15503.0,10349.0,4482.0,81.0,159.0,249.0,107.0,163.5,49.52,49.3,2021,10,42,0,18,4,59000.0,56800.0,55000.0,58450.0,58287.5,5550.0,5712.5,0.0847457627118644,-0.9350162426854148,0.3546048870425355
2021-10-25,73000,1632.2,1140000.0,6852.0,64270000.0,228.84,12870000.0,7.5,70.9904,21250.0,448.0,26593.0,24629.0,25936.0,122.0,577.5,19000.0,179.0,450.0,451.0,510.0,544.0,16350.0,25363.0,109.5,26000.0,40500.0,25359.0,17500.0,540.0,3585.0,7650.0,38500.0,455.0,13300.0,493.5,27467.0,21250.0,500.0,19510.0,17000.0,555.0,577.5,15503.0,10349.0,4482.0,81.0,159.0,249.0,107.0,163.5,49.52,49.3,2021,10,43,0,25,4,64000.0,59000.0,54000.0,63200.0,59662.5,9800.0,13337.5,0.140625,-0.8854560256532101,0.464723172043768
2021-11-01,77000,1662.4,1190000.0,6717.0,16500000.0,227.68,9180000.0,7.5,70.5207,21250.0,446.0,27708.0,24737.0,27341.0,116.0,577.5,19000.0,177.0,450.0,450.0,515.0,550.0,16350.0,26648.0,103.5,26000.0,40500.0,26592.0,17500.0,545.0,3585.0,7650.0,38500.0,456.0,13300.0,493.5,28334.0,21250.0,501.0,19510.0,17000.0,572.5,580.0,12987.0,7857.0,3460.0,68.0,119.0,207.0,105.0,149.0,49.52,49.3,2021,11,44,0,1,4,73000.0,64000.0,56800.0,68250.0,61912.5,8750.0,15087.5,0.0547945205479452,-0.822983865893657,0.5680647467311548
2021-11-08,79000,1665.8,1090000.0,6430.0,18460000.0,223.22,12430000.0,7.5,71.4783,22750.0,441.0,28831.0,24893.0,28389.0,98.0,580.0,19000.0,161.0,453.0,446.0,510.0,541.0,16350.0,27498.0,85.5,26000.0,42500.0,27446.0,17500.0,530.0,3140.0,6125.0,39250.0,459.0,10550.0,492.5,28778.0,21250.0,497.0,19630.0,17000.0,565.0,577.5,12987.0,7857.0,3460.0,68.0,119.0,207.0,105.0,149.0,49.52,49.3,2021,11,45,0,8,4,77000.0,73000.0,59000.0,73250.0,64725.0,5750.0,14275.0,0.0259740259740259,-0.7485107481711011,0.6631226582407952
2021-11-15,78000,1667.4,894130.0,6298.0,29900000.0,221.28,14570000.0,7.5,71.1964,22750.0,445.0,29339.0,25638.0,28841.0,92.0,580.0,19000.0,154.0,456.0,446.0,510.0,528.0,16350.0,28006.0,82.5,26000.0,42500.0,28100.0,17500.0,545.0,3140.0,6125.0,39250.0,438.0,10550.0,497.5,29351.0,21250.0,499.0,19630.0,17000.0,565.0,582.5,12987.0,7857.0,3460.0,68.0,119.0,207.0,105.0,149.0,49.52,49.3,2021,11,46,0,15,4,79000.0,77000.0,64000.0,76750.0,67600.0,1250.0,10400.0,-0.0126582278481012,-0.6631226582407955,0.7485107481711007
2021-11-22,72500,1663.6,1560000.0,6244.0,23640000.0,219.2,16170000.0,7.5,72.6022,22750.0,443.0,30104.0,25790.0,29662.0,90.0,579.0,19000.0,148.0,458.0,444.0,515.0,528.0,16350.0,28584.0,80.5,26000.0,42500.0,29015.0,17500.0,540.0,3140.0,6125.0,39250.0,392.0,10550.0,497.5,30195.0,21250.0,498.0,19630.0,17000.0,565.0,582.5,12987.0,7857.0,3460.0,68.0,119.0,207.0,105.0,149.0,49.52,49.3,2021,11,47,0,22,4,78000.0,79000.0,73000.0,76625.0,69912.5,-4125.0,2587.5,-0.0705128205128204,-0.5680647467311559,0.8229838658936564
2021-11-29,64000,1621.2,807200.0,6119.0,28570000.0,220.1,11260000.0,7.5,74.6004,22750.0,438.0,30914.0,26133.0,30376.0,99.0,572.5,19000.0,146.0,453.0,438.0,510.0,530.0,16350.0,29414.0,89.5,26000.0,42500.0,29906.0,17500.0,520.0,3140.0,6125.0,39250.0,346.0,10550.0,492.5,30842.0,21250.0,492.0,19630.0,17000.0,555.0,571.5,10753.0,6282.0,3088.0,63.0,96.0,172.0,85.0,137.0,49.52,49.3,2021,11,48,0,29,4,72500.0,78000.0,77000.0,73375.0,70812.5,-9375.0,-6812.5,-0.1172413793103448,-0.4647231720437684,0.88545602565321
2021-12-06,61500,1556.0,1060000.0,6154.0,18220000.0,206.9,14500000.0,7.5,74.0637,20250.0,430.0,31202.0,26178.0,30713.0,100.0,572.5,17000.0,143.0,445.0,428.0,510.0,530.0,15500.0,29724.0,89.5,23500.0,42500.0,30184.0,16500.0,525.0,2665.0,5525.0,39250.0,326.0,8950.0,482.5,31083.0,19500.0,484.0,18050.0,15250.0,547.5,560.0,10753.0,6282.0,3088.0,63.0,96.0,172.0,85.0,137.0,49.92,49.76,2021,12,49,0,6,4,64000.0,72500.0,79000.0,69000.0,71125.0,-7500.0,-9625.0,-0.0390625,-0.3546048870425359,0.9350162426854148
2021-12-13,60500,1482.8,2120000.0,6171.0,27150000.0,204.1,11590000.0,7.5,73.5998,20250.0,417.0,30750.0,26031.0,30050.0,105.0,557.5,17000.0,152.0,431.0,415.0,510.0,528.0,15500.0,28958.0,94.5,23500.0,42500.0,29578.0,16500.0,515.0,2665.0,5525.0,39250.0,337.0,8950.0,467.5,30275.0,19500.0,471.0,18050.0,15250.0,557.0,545.0,10753.0,6282.0,3088.0,63.0,96.0,172.0,85.0,137.0,49.92,49.76,2021,12,50,0,13,4,61500.0,64000.0,78000.0,64625.0,70687.5,-4125.0,-10187.5,-0.0162601626016259,-0.2393156642875578,0.970941817426052
2021-12-20,61500,1512.0,1040000.0,6514.0,25980000.0,214.8,14060000.0,8.5,73.5708,20250.0,414.0,29870.0,25299.0,29447.0,112.0,552.5,17000.0,159.0,425.0,410.0,505.0,520.0,15500.0,28299.0,101.5,23500.0,42500.0,28862.0,16500.0,510.0,2665.0,5525.0,39250.0,338.0,8950.0,467.5,29555.0,19500.0,467.0,18050.0,15250.0,550.0,535.0,10753.0,6282.0,3088.0,63.0,96.0,172.0,85.0,137.0,49.92,49.76,2021,12,51,0,20,4,60500.0,61500.0,72500.0,61875.0,69250.0,-375.0,-7750.0,0.0165289256198346,-0.1205366802553236,0.992708874098054
2021-12-27,62500,1588.6,560750.0,6836.0,17700000.0,214.6,4540000.0,8.5,73.3583,20250.0,416.0,29631.0,24741.0,28941.0,124.0,547.5,17000.0,173.0,422.0,413.0,505.0,512.0,15500.0,27848.0,0.0,23500.0,42500.0,28419.0,16500.0,510.0,2665.0,5525.0,39250.0,341.0,8950.0,462.5,29024.0,19500.0,461.0,18050.0,15250.0,550.0,535.0,9244.0,5901.0,2687.0,55.0,88.0,148.0,106.0,151.5,49.92,49.76,2021,12,52,0,27,4,61500.0,60500.0,64000.0,61500.0,67437.5,1000.0,-4937.5,0.0162601626016261,6.432490598706546e-16,1.0
2022-01-03,63500,1619.8,455400.0,7083.0,12300000.0,218.68,4190000.0,8.5,73.6514,20250.0,418.0,29121.0,24326.0,28566.0,118.0,547.5,17000.0,168.5,424.0,415.0,505.0,500.0,15500.0,27215.0,107.0,23500.0,42500.0,27969.0,16500.0,510.0,2665.0,5525.0,39250.0,346.0,8950.0,462.5,28407.0,19500.0,463.0,18050.0,15250.0,545.0,535.0,9244.0,5901.0,2687.0,55.0,88.0,148.0,106.0,151.5,49.92,49.76,2022,1,1,0,3,1,62500.0,61500.0,61500.0,62000.0,65500.0,1500.0,-2000.0,0.016,0.120536680255323,0.992708874098054
2022-01-10,63500,1554.6,941330.0,7040.0,37940000.0,212.32,5670000.0,8.5,73.6514,20250.0,419.0,28826.0,24255.0,28615.0,125.0,540.0,17000.0,170.5,425.0,416.0,495.0,500.0,15500.0,26977.0,114.5,23500.0,42500.0,27830.0,16500.0,500.0,2825.0,6575.0,39000.0,353.0,9900.0,462.5,28802.0,19500.0,465.0,18050.0,15250.0,535.0,530.0,9244.0,5901.0,2687.0,55.0,88.0,148.0,106.0,151.5,49.92,49.76,2022,1,2,0,10,1,63500.0,62500.0,60500.0,62750.0,63687.5,750.0,-187.5,0.0,0.2393156642875577,0.970941817426052
2022-01-17,63700,1514.8,1150000.0,6450.0,33220000.0,211.5,9450000.0,8.5,74.5686,20250.0,430.0,29086.0,25878.0,28751.0,128.0,547.5,17000.0,176.5,440.0,425.0,500.0,510.0,15500.0,27257.0,117.5,23500.0,42500.0,27934.0,16500.0,515.0,2825.0,6575.0,39000.0,388.0,9900.0,467.5,28622.0,19500.0,471.0,18050.0,15250.0,535.0,537.5,9244.0,5901.0,2687.0,55.0,88.0,148.0,106.0,151.5,49.92,49.76,2022,1,3,0,17,1,63500.0,63500.0,61500.0,63300.0,62587.5,400.0,1112.5,0.0031496062992126,0.3546048870425356,0.9350162426854148
2022-01-24,62500,1416.0,2260000.0,5842.0,75850000.0,196.44,20220000.0,8.5,76.4408,20250.0,430.0,28955.0,25949.0,28321.0,131.0,547.5,17000.0,183.5,435.0,425.0,510.0,518.0,15500.0,27140.0,120.5,23500.0,42500.0,27651.0,16500.0,520.0,2825.0,6575.0,39000.0,415.0,9900.0,467.5,28389.0,19500.0,470.0,18050.0,15250.0,537.5,545.0,9244.0,5901.0,2687.0,55.0,88.0,148.0,106.0,151.5,49.92,49.76,2022,1,4,0,24,1,63700.0,63500.0,62500.0,63300.0,62400.0,-800.0,100.0,-0.0188383045525902,0.4647231720437685,0.8854560256532099
2022-01-31,62900,1511.0,1260000.0,6165.0,33280000.0,213.34,7680000.0,8.5,78.947,20250.0,429.0,29396.0,25683.0,28816.0,139.0,547.5,17000.0,190.5,438.0,425.0,510.0,530.0,15500.0,27624.0,128.5,23500.0,42500.0,27972.0,16500.0,530.0,2825.0,6575.0,39000.0,428.0,9900.0,470.0,28807.0,19500.0,470.0,18050.0,15250.0,537.5,567.5,9728.0,6527.0,2852.0,59.0,99.0,156.0,136.0,184.5,50.67,52.12,2022,1,5,0,31,1,62500.0,63700.0,63500.0,63150.0,62575.0,-250.0,325.0,0.0063999999999999,0.5680647467311558,0.8229838658936564
2022-02-07,65000,1559.0,1200000.0,6014.0,31680000.0,220.54,16410000.0,8.5,76.6501,22250.0,450.0,30752.0,26372.0,30282.0,145.0,580.0,18750.0,197.5,462.0,445.0,535.0,535.0,16750.0,28859.0,134.5,26000.0,42500.0,29440.0,21800.0,555.0,3365.0,8135.0,40500.0,428.0,11845.0,492.5,30078.0,24000.0,490.0,21370.0,19600.0,550.0,582.5,9728.0,6527.0,2852.0,59.0,99.0,156.0,136.0,184.5,50.67,52.12,2022,2,6,0,7,1,62900.0,62500.0,63500.0,63525.0,63137.5,1475.0,1862.5,0.0333863275039745,0.6631226582407952,0.7485107481711011
2022-02-14,65500,1619.0,3240000.0,6354.0,45740000.0,228.02,15810000.0,9.5,74.7241,22250.0,464.0,32114.0,27970.0,31346.0,150.0,592.5,18750.0,200.5,474.0,458.0,545.0,555.0,16750.0,29977.0,144.5,26000.0,42500.0,30598.0,21800.0,570.0,3365.0,8135.0,40500.0,422.0,11845.0,502.5,31458.0,24000.0,503.0,21370.0,19600.0,560.0,594.0,9728.0,6527.0,2852.0,59.0,99.0,156.0,136.0,184.5,50.67,52.12,2022,2,7,0,14,1,65000.0,62900.0,63700.0,63975.0,63637.5,1525.0,1862.5,0.0076923076923076,0.7485107481711011,0.6631226582407953
2022-02-21,69000,1494.2,5510000.0,5250.0,105060000.0,200.98,36900000.0,9.5,75.7527,22250.0,466.0,32898.0,28335.0,32085.0,138.0,620.0,18750.0,187.5,477.0,460.0,560.0,560.0,16750.0,30930.0,132.5,26000.0,42500.0,31407.0,21800.0,585.0,3365.0,8135.0,40500.0,418.0,11845.0,507.5,32417.0,24000.0,506.0,21370.0,19600.0,592.5,615.0,9728.0,6527.0,2852.0,59.0,99.0,156.0,136.0,184.5,50.67,52.12,2022,2,8,0,21,1,65500.0,65000.0,62500.0,65600.0,64450.0,3400.0,4550.0,0.0534351145038167,0.8229838658936564,0.5680647467311559
2022-02-28,78000,1315.2,2060000.0,4767.0,46990000.0,177.5,22100000.0,20.0,86.9288,22250.0,469.0,33913.0,28968.0,33041.0,137.0,625.0,18750.0,185.5,477.0,460.0,610.0,568.0,16750.0,31875.0,131.5,26000.0,42500.0,32437.0,21800.0,585.0,3365.0,8135.0,40500.0,427.0,11845.0,512.5,33208.0,24000.0,509.0,21370.0,19600.0,627.5,620.0,11355.0,7823.0,3405.0,67.0,118.0,182.0,146.0,195.5,51.53,53.39,2022,2,9,0,28,1,69000.0,65500.0,62900.0,69375.0,66262.5,8625.0,11737.5,0.1304347826086955,0.8854560256532099,0.4647231720437686
2022-03-07,77000,1315.2,2060000.0,4767.0,46990000.0,177.5,22100000.0,20.0,86.9288,22250.0,524.0,35186.0,31048.0,34263.0,147.0,707.5,18750.0,197.5,534.0,497.0,710.0,575.0,16750.0,32402.0,144.5,26000.0,42500.0,32619.0,21800.0,680.0,4375.0,9660.0,39500.0,456.0,13800.0,590.0,34466.0,24000.0,567.0,21370.0,19600.0,747.5,722.5,11355.0,7823.0,3405.0,67.0,118.0,182.0,146.0,195.5,51.53,53.39,2022,3,10,0,7,1,78000.0,69000.0,65000.0,72375.0,67950.0,4625.0,9050.0,-0.0128205128205127,0.9350162426854148,0.3546048870425355
2022-03-14,74000,1315.2,2060000.0,4767.0,46990000.0,177.5,22100000.0,20.0,86.9288,22250.0,604.0,32835.0,31137.0,32912.0,159.0,790.0,18750.0,214.0,610.0,578.0,860.0,598.0,16750.0,31181.0,156.0,26000.0,42500.0,30755.0,21800.0,761.0,4375.0,9660.0,39500.0,577.0,13800.0,646.5,33349.0,24000.0,648.0,21370.0,19600.0,882.5,804.0,11355.0,7823.0,3405.0,67.0,118.0,182.0,146.0,195.5,51.53,53.39,2022,3,11,0,14,1,77000.0,78000.0,65500.0,74500.0,69237.5,-500.0,4762.5,-0.0389610389610389,0.970941817426052,0.239315664287558
2022-03-21,67000,1315.2,2060000.0,4767.0,46990000.0,177.5,22100000.0,20.0,86.9288,22250.0,614.0,29971.0,27892.0,29736.0,145.0,785.0,18750.0,201.0,619.0,588.0,960.0,640.0,16750.0,28228.0,142.0,26000.0,42500.0,28469.0,21800.0,761.0,4375.0,9660.0,39500.0,597.0,13800.0,657.5,30238.0,24000.0,658.0,21370.0,19600.0,1000.0,785.0,11355.0,7823.0,3405.0,67.0,118.0,182.0,146.0,195.5,51.53,53.39,2022,3,12,0,21,1,74000.0,77000.0,69000.0,74000.0,69800.0,-7000.0,-2800.0,-0.0945945945945946,0.992708874098054,0.120536680255323
2022-03-28,69500,1053.8,606030.0,4223.0,10740000.0,163.5,2150000.0,20.0,96.0458,22250.0,610.0,27675.0,27476.0,27559.0,147.0,855.0,18750.0,200.0,612.0,587.0,960.0,658.0,16750.0,26485.0,144.0,26000.0,42500.0,26492.0,21800.0,780.0,4375.0,9660.0,39500.0,536.0,13800.0,657.5,28568.0,24000.0,657.0,21370.0,19600.0,1000.0,725.0,13189.0,9164.0,4181.0,79.0,139.0,211.0,146.0,198.5,51.53,53.39,2022,3,13,0,28,1,67000.0,74000.0,78000.0,71875.0,70625.0,-2375.0,-1125.0,0.0373134328358208,1.0,-1.6081226496766366e-16
2022-04-04,69500,1185.0,852420.0,4536.0,16110000.0,171.9,3970000.0,20.0,83.4097,22250.0,605.0,26916.0,26778.0,26627.0,156.0,845.0,18750.0,205.0,610.0,584.0,960.0,650.0,16750.0,25185.0,153.0,26000.0,42500.0,25648.0,21800.0,768.0,4375.0,9660.0,39500.0,489.0,13800.0,655.0,27411.0,24000.0,654.0,21370.0,19600.0,1000.0,725.0,13189.0,9164.0,4181.0,79.0,139.0,211.0,146.0,198.5,51.54,53.79,2022,4,14,0,4,2,69500.0,67000.0,77000.0,70000.0,71187.5,-500.0,-1687.5,0.0,0.992708874098054,-0.1205366802553228
2022-04-11,67500,1018.0,650820.0,4190.0,8990000.0,157.2,1980000.0,17.0,76.2547,21400.0,603.0,26208.0,25966.0,25989.0,158.0,810.0,18000.0,203.0,611.0,583.0,960.0,637.0,14500.0,24659.0,155.0,24000.0,40500.0,24910.0,21125.0,681.0,3700.0,6950.0,46000.0,419.0,11050.0,652.5,27074.0,24000.0,653.0,20160.0,18250.0,950.0,715.0,13189.0,9164.0,4181.0,79.0,139.0,211.0,146.0,198.5,51.54,53.79,2022,4,15,0,11,2,69500.0,69500.0,74000.0,68375.0,71437.5,-875.0,-3937.5,-0.0287769784172662,0.970941817426052,-0.2393156642875575
2022-04-18,64000,973.6,271580.0,3958.0,4430000.0,148.0,1240000.0,17.0,81.288,21400.0,595.0,26943.0,26986.0,26719.0,152.0,765.0,18000.0,197.5,604.0,575.0,940.0,622.0,14500.0,25352.0,150.0,24000.0,40500.0,25607.0,21125.0,680.0,3700.0,6950.0,46000.0,485.0,11050.0,642.5,27984.0,24000.0,645.0,20160.0,18250.0,950.0,695.0,13189.0,9164.0,4181.0,79.0,139.0,211.0,146.0,198.5,51.54,53.79,2022,4,16,0,18,2,67500.0,69500.0,67000.0,67625.0,70812.5,-3625.0,-6812.5,-0.0518518518518518,0.9350162426854148,-0.3546048870425354
2022-04-25,61500,1055.0,236750.0,4150.0,5610000.0,152.78,1180000.0,17.0,74.999,21400.0,566.0,29731.0,28925.0,28891.0,151.0,720.0,18000.0,194.5,577.0,547.0,930.0,610.0,14500.0,28254.0,129.5,24000.0,40500.0,28030.0,21125.0,650.0,3700.0,6950.0,46000.0,502.0,11050.0,617.5,30202.0,24000.0,617.0,20160.0,18250.0,940.0,670.0,13189.0,9164.0,4181.0,79.0,139.0,211.0,146.0,198.5,51.54,53.79,2022,4,17,0,25,2,64000.0,67500.0,69500.0,65625.0,68750.0,-4125.0,-7250.0,-0.0390625,0.8854560256532099,-0.4647231720437685
2022-05-02,58000,1095.0,292130.0,4493.0,8280000.0,158.6,1780000.0,17.0,72.2953,21400.0,512.0,31615.0,29737.0,30427.0,140.0,680.0,18000.0,179.5,512.0,492.0,910.0,585.0,14500.0,31376.0,118.5,24000.0,40500.0,29767.0,21125.0,610.0,3700.0,6950.0,46000.0,500.0,11050.0,557.5,32061.0,24000.0,562.0,20160.0,18250.0,930.0,615.0,10929.0,7233.0,3605.0,68.0,111.0,174.0,145.5,210.0,51.54,53.79,2022,5,18,0,2,2,61500.0,64000.0,69500.0,62750.0,66375.0,-4750.0,-8375.0,-0.056910569105691,0.8229838658936565,-0.5680647467311557
2022-05-09,56000,1108.0,172990.0,4390.0,4030000.0,162.0,853330.0,14.0,66.2378,21400.0,487.0,32249.0,29951.0,31017.0,143.0,675.0,18000.0,182.5,488.0,467.0,850.0,550.0,14000.0,31982.0,121.5,24000.0,40500.0,30523.0,19250.0,560.0,3650.0,7000.0,42000.0,494.0,10900.0,535.0,32880.0,24000.0,537.0,19180.0,14500.0,815.0,575.0,10929.0,7233.0,3605.0,68.0,111.0,174.0,145.5,210.0,51.54,53.79,2022,5,19,0,9,2,58000.0,61500.0,67500.0,59875.0,64125.0,-3875.0,-8125.0,-0.0344827586206896,0.7485107481711013,-0.663122658240795
2022-05-16,54000,1105.4,283540.0,4353.0,3760000.0,160.0,923880.0,14.0,65.7916,21400.0,445.0,31462.0,28736.0,30791.0,130.0,690.0,18000.0,165.5,443.0,425.0,850.0,525.0,14000.0,31548.0,108.5,24000.0,40500.0,30082.0,19250.0,450.0,3650.0,7000.0,42000.0,493.0,10900.0,492.5,32910.0,24000.0,495.0,19180.0,14500.0,815.0,530.0,10929.0,7233.0,3605.0,68.0,111.0,174.0,145.5,210.0,51.54,53.79,2022,5,20,0,16,2,56000.0,58000.0,64000.0,57375.0,62500.0,-3375.0,-8500.0,-0.0357142857142857,0.6631226582407952,-0.7485107481711012
2022-05-23,50000,1051.0,397140.0,4088.0,12750000.0,151.36,1230000.0,14.0,62.4031,21400.0,417.0,29099.0,26720.0,28480.0,131.0,570.0,18000.0,166.5,418.0,415.0,770.0,510.0,14000.0,29528.0,109.5,24000.0,40500.0,27356.0,19250.0,468.0,3650.0,7000.0,42000.0,495.0,10900.0,465.0,30626.0,24000.0,469.0,19180.0,14500.0,800.0,510.0,10929.0,7233.0,3605.0,68.0,111.0,174.0,145.5,210.0,51.54,53.79,2022,5,21,0,23,2,54000.0,56000.0,61500.0,54500.0,60062.5,-4500.0,-10062.5,-0.074074074074074,0.5680647467311558,-0.8229838658936564
2022-05-30,46000,1004.8,482170.0,3695.0,13990000.0,145.52,2660000.0,11.0,62.0495,21400.0,412.0,23603.0,23317.0,21615.0,133.0,567.5,18000.0,169.5,415.0,411.0,700.0,500.0,14000.0,23798.0,111.5,24000.0,40500.0,21574.0,19250.0,447.0,3650.0,7000.0,42000.0,464.0,10900.0,462.5,25964.0,24000.0,461.0,19180.0,14500.0,735.0,485.0,10809.0,7110.0,3864.0,69.0,109.0,172.0,119.0,181.0,51.54,53.79,2022,5,22,0,30,2,50000.0,54000.0,58000.0,51500.0,57125.0,-5500.0,-11125.0,-0.0799999999999999,0.464723172043769,-0.8854560256532096
2022-06-06,43500,716.8,4190000.0,3148.0,20240000.0,129.5,1820000.0,11.0,61.575,14000.0,396.0,21843.0,19757.0,20122.0,139.0,550.0,9500.0,175.5,391.0,390.0,660.0,497.0,8000.0,18829.0,116.5,20000.0,25000.0,19499.0,15125.0,430.0,2825.0,4775.0,33000.0,418.0,6025.0,437.5,23137.0,19500.0,440.0,14100.0,10750.0,715.0,460.0,10809.0,7110.0,3864.0,69.0,109.0,172.0,119.0,181.0,51.38,53.26,2022,6,23,0,6,2,46000.0,50000.0,56000.0,48375.0,54125.0,-4875.0,-10625.0,-0.0543478260869565,0.3546048870425358,-0.9350162426854148
2022-06-13,42000,721.0,718360.0,3078.0,6700000.0,130.7,1750000.0,11.0,58.3895,14000.0,381.0,20112.0,17185.0,18736.0,145.0,540.0,9500.0,179.5,381.0,374.0,640.0,490.0,8000.0,18445.0,122.5,20000.0,25000.0,17655.0,15125.0,463.0,2825.0,4775.0,33000.0,393.0,6025.0,422.5,21258.0,19500.0,424.0,14100.0,10750.0,685.0,450.0,10809.0,7110.0,3864.0,69.0,109.0,172.0,119.0,181.0,51.38,53.26,2022,6,24,0,13,2,43500.0,46000.0,54000.0,45375.0,51375.0,-3375.0,-9375.0,-0.0344827586206896,0.2393156642875576,-0.970941817426052
2022-06-20,43000,768.0,1320000.0,3430.0,16100000.0,134.38,2520000.0,9.5,56.8691,14000.0,339.0,18343.0,16334.0,18221.0,131.0,515.0,9500.0,164.5,340.0,333.0,590.0,453.0,8000.0,17335.0,108.5,20000.0,25000.0,16963.0,15125.0,400.0,2825.0,4775.0,33000.0,392.0,6025.0,377.5,20827.0,19500.0,378.0,14100.0,10750.0,630.0,432.5,10809.0,7110.0,3864.0,69.0,109.0,172.0,119.0,181.0,51.38,53.26,2022,6,25,0,20,2,42000.0,43500.0,50000.0,43625.0,49062.5,-625.0,-6062.5,0.0238095238095237,0.120536680255323,-0.992708874098054
2022-06-27,44000,832.6,591470.0,3350.0,13110000.0,136.0,1400000.0,9.5,53.3578,14000.0,297.0,18306.0,15790.0,17846.0,114.0,490.0,9500.0,146.5,309.0,292.0,560.0,403.0,8000.0,17107.0,91.5,20000.0,25000.0,16514.0,15125.0,365.0,2825.0,4775.0,33000.0,371.0,6025.0,337.5,20230.0,19500.0,337.0,14100.0,10750.0,612.5,390.0,6778.0,4950.0,2760.0,56.0,74.0,108.0,118.0,178.5,51.38,53.26,2022,6,26,0,27,2,43000.0,42000.0,46000.0,43125.0,47312.5,875.0,-3312.5,0.0232558139534884,-3.216245299353273e-16,-1.0
2022-07-04,45000,846.8,440130.0,3131.0,9610000.0,135.5,1610000.0,9.5,52.5123,14000.0,303.0,18054.0,16063.0,17223.0,121.0,487.5,9500.0,149.5,311.0,298.0,540.0,378.0,8000.0,17134.0,98.5,20000.0,25000.0,16006.0,15125.0,360.0,2825.0,4775.0,33000.0,331.0,6025.0,342.5,19477.0,19500.0,343.0,14100.0,10750.0,590.0,390.0,6778.0,4950.0,2760.0,56.0,74.0,108.0,118.0,178.5,51.36,53.24,2022,7,27,0,4,3,44000.0,43000.0,43500.0,43500.0,45937.5,1500.0,-937.5,0.0227272727272727,-0.1205366802553228,-0.992708874098054
2022-07-11,45500,808.6,297260.0,3075.0,11840000.0,136.52,1020000.0,9.5,63.1427,8900.0,356.0,18268.0,15297.0,17148.0,113.0,492.5,7500.0,139.5,366.0,353.0,520.0,383.0,6500.0,16544.0,90.5,11000.0,18000.0,15790.0,8750.0,390.0,2025.0,3325.0,29900.0,302.0,4825.0,402.5,19166.0,11000.0,398.0,8640.0,6500.0,590.0,420.0,6778.0,4950.0,2760.0,56.0,74.0,108.0,118.0,178.5,51.36,53.24,2022,7,28,0,11,3,45000.0,44000.0,42000.0,44375.0,44875.0,1125.0,625.0,0.011111111111111,-0.2393156642875574,-0.970941817426052
2022-07-18,47000,722.2,355020.0,2711.0,13960000.0,125.46,1560000.0,9.5,58.2568,8900.0,370.0,20207.0,16673.0,18308.0,103.0,492.5,7500.0,129.5,371.0,364.0,460.0,395.0,6500.0,17103.0,80.5,11000.0,18000.0,16212.0,8750.0,410.0,2025.0,3325.0,29900.0,272.0,4825.0,412.5,19955.0,11000.0,409.0,8640.0,6500.0,500.0,455.0,6778.0,4950.0,2760.0,56.0,74.0,108.0,118.0,178.5,51.36,53.24,2022,7,29,0,18,3,45500.0,45000.0,43000.0,45375.0,44500.0,1625.0,2500.0,0.032967032967033,-0.3546048870425356,-0.9350162426854148
2022-07-25,47500,695.0,801230.0,2684.0,10720000.0,118.72,2930000.0,8.0,56.4783,8900.0,348.0,21962.0,16962.0,20147.0,98.0,525.0,7500.0,124.5,349.0,342.0,460.0,390.0,6500.0,18040.0,75.5,11000.0,18000.0,17776.0,8750.0,410.0,2025.0,3325.0,29900.0,257.0,4825.0,385.0,20489.0,11000.0,387.0,8640.0,6500.0,500.0,475.0,6778.0,4950.0,2760.0,56.0,74.0,108.0,118.0,178.5,51.36,53.24,2022,7,30,0,25,3,47000.0,45500.0,44000.0,46250.0,44687.5,1250.0,2812.5,0.0106382978723404,-0.464723172043768,-0.8854560256532101
2022-08-01,47500,732.0,1070000.0,2780.0,73360000.0,131.7,10760000.0,8.0,60.2031,8900.0,317.0,23751.0,17547.0,21835.0,112.0,445.0,7500.0,127.5,319.0,310.0,460.0,380.0,6500.0,19731.0,79.5,11000.0,18000.0,19730.0,8750.0,400.0,2025.0,3325.0,29900.0,227.0,4825.0,355.0,22020.0,11000.0,355.0,8640.0,6500.0,495.0,435.0,4602.0,3405.0,1984.0,41.0,51.0,72.0,90.0,159.0,51.36,53.24,2022,8,31,0,1,3,47500.0,47000.0,45000.0,46875.0,45187.5,625.0,2312.5,0.0,-0.5680647467311556,-0.8229838658936566
2022-08-08,49000,683.6,529460.0,2381.0,20110000.0,118.74,2960000.0,8.0,60.258,7750.0,321.0,25568.0,21195.0,23534.0,109.0,435.0,6500.0,123.5,325.0,315.0,455.0,370.0,5750.0,22180.0,76.5,10500.0,14500.0,21650.0,7950.0,390.0,2000.0,3350.0,23250.0,220.0,4575.0,355.0,24183.0,10500.0,360.0,7860.0,5400.0,470.0,420.0,4602.0,3405.0,1984.0,41.0,51.0,72.0,90.0,159.0,51.36,53.24,2022,8,32,0,8,3,47500.0,47500.0,45500.0,47750.0,46062.5,1250.0,2937.5,0.0315789473684211,-0.663122658240795,-0.7485107481711013
2022-08-15,47500,708.2,422710.0,2701.0,29910000.0,117.96,2900000.0,8.0,60.6229,7750.0,357.0,26015.0,21461.0,23841.0,109.0,455.0,6500.0,123.5,362.0,350.0,455.0,385.0,5750.0,22858.0,76.5,10500.0,14500.0,22016.0,7950.0,390.0,2000.0,3350.0,23250.0,238.0,4575.0,390.0,24832.0,10500.0,395.0,7860.0,5400.0,465.0,430.0,4602.0,3405.0,1984.0,41.0,51.0,72.0,90.0,159.0,51.36,53.24,2022,8,33,0,15,3,49000.0,47500.0,47000.0,47875.0,46625.0,-375.0,875.0,-0.0306122448979592,-0.7485107481711011,-0.6631226582407952
2022-08-22,46500,708.0,255550.0,2690.0,11870000.0,116.46,3280000.0,8.0,59.957,7750.0,361.0,25881.0,21510.0,24239.0,102.0,455.0,6500.0,116.5,366.0,353.0,450.0,395.0,5750.0,22884.0,69.5,10500.0,14500.0,22324.0,7950.0,380.0,2000.0,3350.0,23250.0,264.0,4575.0,392.5,24946.0,10500.0,398.0,7860.0,5400.0,465.0,430.0,4602.0,3405.0,1984.0,41.0,51.0,72.0,90.0,159.0,51.36,53.24,2022,8,34,0,22,3,47500.0,49000.0,47500.0,47625.0,46937.5,-1125.0,-437.5,-0.0210526315789473,-0.8229838658936564,-0.5680647467311559
2022-08-29,46000,739.0,758040.0,2816.0,18310000.0,116.5,3940000.0,8.0,59.7699,7750.0,363.0,25793.0,21069.0,24231.0,103.0,455.0,6500.0,116.5,370.0,356.0,430.0,420.0,5750.0,22530.0,70.5,10500.0,14500.0,22250.0,7950.0,368.0,2000.0,3350.0,23250.0,270.0,4575.0,397.5,24924.0,10500.0,401.0,7860.0,5400.0,465.0,410.0,4507.0,3470.0,1950.0,39.0,52.0,71.0,98.0,163.0,51.36,53.24,2022,8,35,0,29,3,46500.0,47500.0,47500.0,47250.0,47062.5,-1250.0,-1062.5,-0.010752688172043,-0.8854560256532096,-0.4647231720437691
